歌名,歌手,出现次数
我爱你,卢广仲; 新裤子; 李荣浩; 王菲; 腰乐队,31
花,Hello Nico; 宋佳; 花儿乐队; 萧潇; 藤井風,27
Song F,达达; 达达乐队,22
散步,彭坦,22
下雨天真,彭坦 / 春晓,21
祝你开心,孙燕姿,21
再.见,达达乐队,19
节日快乐,达达; 达达乐队,19
想去海边,夏日入侵企画,18
我怀念的,孙燕姿; 萧敬腾,18
Wonderful Tonight,Eric Clapton; 方大同,17
世界赠予我的,王菲,17
因为爱情,陈奕迅 / 王菲,16
难忘今宵,李谷一,15
午夜说再见,达达; 达达乐队,14
夏夜晚风,deca joins; 伍佰; 伍佰 & China Blue; 舒大卫 / 桃子假象 / CatSon,14
我,张国荣; 无边界音乐; 苏运莹; 蔡依林,14
相约一九九八,王菲 / 那英; 那英 / 王菲,14
再见,张震岳,13
我们的小世界,彭坦 / 春晓,13
爱情,张楚; 彭坦; 莫文蔚; 许巍,13
生活因你而火热,新裤子,13
醒不来,王菲,13
南方,达达; 达达乐队,12
好运来,祖海,12
当时的月亮,张悬; 王菲,12
思念是一种病,张震岳 / 蔡健雅; 蔡健雅 / 张震岳,12
祝你平安,孙悦; 毛不易,12
不经意间,达达; 达达乐队,11
东湖隧道,彭坦,11
总有一天你会出现在我身边,棱镜; 棱镜乐队,11
月光,浅堤 / deca joins 郑敬儒; 王心凌,11
歌曲：岁月 (Live),那英 / 王菲,11
静止,花儿乐队,11
奔,孙燕姿,10
小宇,Todd Li; 张震岳,10
慕容雪,薛凯琪,10
慢慢的,彭坦,10
我记得,赵雷,10
火,张惠妹,10
私奔,曾轶可; 郑钧,10
等等,王菲,10
这一切没有想象的那么糟,万晓利,10
阳光彩虹小白马,大张伟,10
雪の華,中島美嘉,10
飘雪,陈慧娴,10
Y.M.C.A,Village People,9
但愿人长久,王菲,9
呼吸,Tizzy T; 蔡健雅,9
在希望的田野上,朴树,9
夏日漱石 (Summer Cozy Rock),橘子海 (Orange Ocean),9
恭喜发财,Higher Brothers; 中国娃娃; 刘德华; 卓依婷,9
情歌,CHILL GANG / 刘悦spam-生番 / Lcz小强 / step.jad依加 / 夏之禹 / 迪木 / 鱼翅Fin; 哪吒乐队; 梁静茹; 草东没有派对; 陈珊妮; 陈绮贞,9
我的天使,达达; 达达乐队,9
推翻,王菲,9
晚安,丢火车; 颜人中; 麻园诗人,9
杀死那个石家庄人,万能青年旅店,9
欢迎光临,Jony J; 自由发挥; 马思唯 / P.O.E / 地磁卡,9
爱是,Schoolgirl byebye,9
相爱,脆莓(Brickleberry),9
约定,周蕙; 王菲,9
胡思乱想,王菲,9
蝴蝶,王菲; 陶喆,9
遇见,孙燕姿,9
雪儿,卢广仲,9
새까맣게,朴信惠,9
첫 눈,EXO,9
一夜一夜一夜,卢广仲,8
亡命之徒,纵贯线,8
你快乐所以我快乐,王菲,8
健康歌,范晓萱 / 杨峻荣,8
关于我爱你,张悬,8
"再见,再见",逃跑计划,8
向往,李健,8
太聪明,陈绮贞,8
奔跑在孤傲的路上,旅行团; 旅行团乐队,8
就让这首歌,张震岳 / 侯佩岑 / MC HotDog 热狗; 张震岳 / 侯佩岑 / MC Hotdog,8
想见你想见你想见你,八三夭,8
我和我的祖国,王菲; 陶国生,8
拥抱,五月天,8
推开世界的门,杨乃文; 火星电台,8
旋木,王菲,8
最后，我们会一起去海边,刺猬,8
月亮惹的祸,张宇,8
未知艺术家,Quark,8
痒,戴荃; 黄龄,8
百年孤寂,王菲,8
看海,周迅,8
穷开心,花儿乐队,8
自由,张悬; 张震岳; 李心洁,8
追梦人,凤飞飞; 椅子乐团 The Chairs; 白若溪,8
风儿,彭坦,8
风吹麦浪,叶一茜; 李健,8
飞,Matt吕彦良; 潘越云; 王菲,8
EMO,藤竹京,7
一生所爱,卢冠廷; 卢冠廷 / 莫文蔚,7
一颗苹果,五月天,7
二十二,陶喆,7
傻了吧,大张伟,7
儿歌,张悬,7
光,刘惜君; 陈粒,7
出发,纵贯线,7
初恋,五条人; 回春丹; 莫文蔚,7
听海 (live),张学友,7
夜空中最亮的星,逃跑计划,7
带我走,杨丞琳; 脆莓(Brickleberry); 苏打绿; 许美静,7
开始懂了,孙燕姿,7
心要野,后海大鲨鱼,7
我爱你 我的生活,海底时光机,7
明天,69; 杨乃文; 火星电台; 萧亚轩; 野外合作社,7
明天会更好,余天 / 李建复 / 洪荣宏 / 王梦麟 / 费玉清 / 齐秦 / 蔡琴 / 苏芮 / 潘越云 / 甄妮 / 林慧萍 / 王芷蕾 / 黄莺莺 / 陈淑桦 / 娃娃 / 李珮菁 / 齐豫 / 郑怡 / 江蕙 / 杨林; 群星,7
望春风,陶喆,7
梦一场,萧敬腾; 那英,7
水星记,郭顶,7
浮出水面,达达; 达达乐队,7
浮躁,王菲,7
海浪,deca joins; 皇后皮箱; 红白色乐队,7
温暖,许巍; 郑钧,7
灯塔,彭坦; 法兹乐队 FAZI,7
生如夏花,朴树,7
秦皇岛,万能青年旅店,7
空中飞人,窦靖童,7
第一天,孙燕姿,7
红豆,方大同; 王菲,7
艳阳天,窦唯,7
财神到,林子祥; 群星; 许冠杰,7
送春,A公馆,7
雨一直下,张宇,7
雨打风吹去,无边界音乐,7
风儿带着我们飘,彭坦,7
黑夜中 (Live),梁博,7
Hello,Adele; OMFG; 达达乐队; 阿杜; 黄龄,6
I Do,911; 彭坦 / 春晓,6
New Boy,朴树,6
No Fear In My Heart (Live),朴树,6
一万次悲伤 (Live),逃跑计划,6
不了情,徐小凤,6
不想去远方,卢广仲,6
人间,王菲,6
传奇,王菲,6
傲寒,马頔,6
加减乘除,花儿乐队,6
勇气,夏日入侵企画; 张震岳; 梁静茹,6
呜呜,达闻西乐队,6
夜会,王菲,6
夜长梦多,蛙池,6
夜风,浪,6
大雨,deca joins; 李克勤,6
好久不见,陈奕迅,6
完美夏天,高旗&超载乐队,6
宝贝 (In a Day),张悬,6
宝贝 (Live at Blue Note Beijing 2017),火星电台,6
少年故事,彭坦,6
开心电话,窦唯,6
心会跟爱一起走,陈洁仪 / 郭峰,6
怀念,叶蓓; 王菲,6
怎样,戴佩妮,6
我喜欢上你时的内心活动,陈绮贞,6
我愿意(Live),王菲,6
我是一只鱼,任贤齐; 落日飞车,6
旅途,朴树,6
旅途愉快,寸铁,6
日落大道,梁博,6
春去春又回来,周迅,6
春风吹,方大同,6
昨夜我飞向遥远的火星,声音玩具,6
月亮代表我的心,张国荣; 方大同; 邓丽君,6
梦不落,孙燕姿,6
永远都会在,旅行团; 旅行团乐队,6
泪海,狮童; 狮童乐队; 许茹芸,6
流星,王菲; 郑钧,6
深海,刘森,6
爱，很简单,陶喆,6
玫瑰,贰佰,6
目击你刚刚完成这一跳,寸铁,6
结婚,逃跑计划; 风子,6
美错,王菲,6
致某人,达达乐队,6
苏幕遮·碧云天 (i18版),李健 / 幻境工场童声合唱团,6
西湖,痛仰乐队,6
词不达意,林忆莲,6
踮起脚尖爱,洪佩瑜,6
阳光照进回忆里,逃跑计划,6
阳光男孩 阳光女孩,TG4,6
雨天,孙燕姿,6
이 길위에 서서,李英美 / 曺承佑,6
A Winter Story,麗美,5
Barbie Girl,Aqua,5
Bleeding Love,Leona Lewis,5
"Dead In The Water (Live At RTÉ 2FM Studios, Dublin)",Noel Gallagher's High Flying Birds; Noel Gallagher's High Flying Birds / Noel Gallagher,5
Here With Me,d4vd,5
Love Me Tender,Norah Jones,5
PLEASE SET YOURSELF FREE,火星电台,5
Tickle,Eyes Lips Eyes,5
三百六十五个祝福,蔡国庆,5
两个女孩,莫文蔚,5
你快乐(所以我快乐),王菲,5
假期,王菲,5
假若今夜来临2022,超级市场,5
光阴·流年·夏恋,刺猬,5
公路,纵贯线,5
兰州 兰州,低苦艾,5
再来一次,我为歌狂; 达达乐队,5
分手吧,孙盛希; 张震岳,5
刻在我心底的名字,卢广仲,5
北京道落雪了,林二汶,5
叫我第一名,五月天,5
向阳花,谢天笑,5
味道,方大同 / Zion.T / Crush; 辛晓琪,5
喜欢你,Beyond; 何静; 窦唯 / 朝简; 陈洁仪,5
回家,Beyond; 顺子,5
在去而不返以先,海龟先生,5
在星星峡遇暴风雨,无边界音乐,5
夏天的风,温岚,5
夏日颂歌,时间不够以后,5
夜里无星,告五人,5
天天想你,张雨生; 陈绮贞,5
失去爱情的摩托车手,THE BOOTLEGS 靴腿,5
她来听我的演唱会,张学友; 李承铉 / 李云迪 / 梁汉文 / 林晓峰,5
好风 (Live),布衣乐队,5
如果你也想起來,郑宜农,5
安和桥,宋冬野,5
小小的太阳,张宇,5
小茉莉,包美圣; 小娟&山谷里的居民,5
山雀,万能青年旅店,5
幸福花园,周迅,5
广州,Casino Demon; 脆莓(Brickleberry),5
心动,棱镜; 陈洁仪,5
忘不了,王晰; 童安格; 花儿乐队,5
怀念 (Live),王菲,5
恋爱ing,五月天,5
恋爱循环,Miko孙涵,5
情书,旅行团乐队; 腰乐队,5
想你的365天,李玟,5
想在夏日撞见你,囍浪,5
愿赌服输,那英,5
我(国),张国荣,5
我不难过,孙燕姿,5
我也不想这样,徐佳莹; 王菲,5
我们围着火堆舞蹈,时间不够以后,5
我爱洗澡,范晓萱,5
我要杀光浪漫杀死诗,当代电影大师,5
揪心的玩笑与漫长的白日梦,万能青年旅店,5
搁浅的人,康士坦的变化球,5
放漾,A公馆,5
旋转木马,达达乐队,5
普通朋友,陶喆,5
暴雨,达达; 达达乐队,5
朋友,周华健; 无印良品; 温拿乐队; 谭咏麟,5
未来·未来,彭坦,5
树屋,椅子乐团 The Chairs,5
梅雨季,张震岳,5
梦,deca joins; 金玟岐; 面孔乐队,5
梦醒了 (Live),王菲,5
梦里水乡,陈婧霏,5
水开了没,自然卷,5
水手公园,GALA,5
没有人能够比我们更接近对方,声音玩具,5
没有理想的人不伤心,新裤子,5
海鸥,逃跑计划,5
漫步人生路,邓丽君,5
漫漫人生路,好妹妹 / 秦昊 / 张小厚 / 陈粒 / 粒粒 / 焦迈奇 / 王加一 / 陈婧霏; 钟镇涛,5
爱的勇气,赖雅妍,5
生日快乐,yihuik苡慧; 儿童合唱团; 李雪莱; 汪苏泷,5
生日快乐歌,小蓓蕾组合,5
用心良苦,张宇,5
直来直往,孙燕姿,5
盼暖春来,刺猬,5
真爱的力量,巴音孟克 Maj7_Music,5
礼物,浅堤; 老狼 / 汪峰 / 周晓鸥 / 丁武 / 栾树 / 高旗 / 李延亮 / 马上又 / 陈劲; 许巍,5
秋凉,曹方,5
程艾影,赵雷,5
第一次遇见花香的那刻,郑宜农,5
红,告五人; 张国荣,5
约会在星期天晚上,莫非定律MoreFeel,5
脸,王菲,5
致青春,王菲,5
艳火,张悬,5
节日气氛,麦田守望者,5
苍穹,达达乐队,5
苦难精算师,草东没有派对,5
萨拉热窝的罗密欧与朱丽叶(Live),郑秀文,5
蓝宝,卢广仲,5
跟着感觉走,张震岳; 苏芮,5
追光者 (Live),达达乐队 / 椅子乐团 The Chairs,5
逃亡,孙燕姿,5
遗憾 (Live),薛之谦,5
野三坡,王菲,5
阴天,莫文蔚,5
雪人,范晓萱; 范晓萱 / 王力宏,5
骊歌,GALA,5
鲜花,回春丹,5
1999,达达乐队,4
2020,张玮玮,4
Beautifully Deranged,Nova Heart,4
California Dreaming,The Mamas & the Papas,4
Falling You,曾可妮 / 都智文,4
Get Free,Lana Del Rey,4
Hey Jude,The Beatles; 孙燕姿,4
I'd Rather Pretend,Bryant Barnes,4
Jesus Freak Lighter,Blood Orange,4
Merry Christmas Mr. Lawrence,坂本龍一; 押尾コータロー,4
Miss You,花儿乐队,4
Old Mcdonald,Drew's Famous,4
Only You,罗家英,4
PM1767,霓虹花园,4
Photograph / Clair de Lune,Cody Fry,4
Shine On Us,Chace,4
Signal Fire,Snow Patrol,4
Simon,丁世光,4
Small Happiness,麗美,4
Someday,彭坦,4
The Flight,麗美,4
This Is Love (Feels Alright),Camera Obscura,4
Together,Robynn & Kendy,4
Tomorrow will be fine.,Sodagreen; 苏打绿,4
Under the Silver Moon,Thee Marloes,4
why can't i be snowing?,Camping In Alaska,4
パッション･フラワー,細野晴臣 / 鈴木茂 / 山下達郎,4
一万次悲伤,逃跑计划,4
一个人在半路上看月亮,锤娜丽莎,4
一定要相信自己,卢广仲,4
一辈子的孤单,刘若英; 和平和浪,4
七月,王三溥,4
万物盛开法则,大张伟,4
不再犹豫,Beyond,4
不知去向,梁博,4
不要怕&啊杰咯,莫西子诗,4
不说再见,好妹妹; 好妹妹乐队,4
东西,彭坦,4
两者,张悬,4
为你我受冷风吹,林忆莲,4
九月,安来宁; 朴树; 许巍,4
人生浪费指南,夏日入侵企画,4
以自暴自弃的方式出现,陈绮贞 / 马照琪 / 蓝贝芝 / 吴恩琪 / 黄心心,4
你不爱我我就爱别人,Peace Hotel(和平饭店),4
你喜欢不如我喜欢,王菲,4
你终究不爱这世界,傻子与白痴,4
佩奇的夏天,阁楼演奏班,4
依靠,高旗&超载乐队,4
傍晚去太子湾吗,Schoolgirl byebye,4
像风一样自由,许巍,4
克卜勒,HUSH; 孙燕姿,4
八百里洞庭我的家,Fuzz,4
关于我在地铁上莫名其妙干了碗鸡汤这件事儿,孙天宇,4
再去海边,脆莓(Brickleberry),4
再见琳尼尔,新学校废物合唱团,4
冰雨(Live),刘德华,4
冷空气,汉堡黄 / 落日飞车,4
出路,王菲,4
午睡,彭坦 / 春晓,4
南京之声（live）,野外合作社,4
发财发福中国年,中国娃娃,4
只要为你活一天,谢霆锋,4
听海,张惠妹,4
和你在一起,1313 / 民谣俱乐部; 谣子 / 张怡然 / 朱格乐; 陈绮贞,4
嘻唰唰,花儿乐队,4
噢!乖,窦唯,4
回到拉萨,郑钧,4
因为你,方大同,4
坐火车到传说中的湘南海岸,陈绮贞,4
坠机,VITOZ,4
夜夜夜夜 (Live),梁静茹,4
夜太黑,林忆莲,4
夜枕青山,刘森,4
夜海的秘密,昨夜派对（L.N Party）,4
夜游,岛屿心情,4
夜盲,橙草,4
夜莺(Live),吴碧霞,4
夜观江潮记,椿乐队,4
夜雨 Night Rain（杜比全景声）,短跑小说,4
大人中,卢广仲,4
大海,南西肯恩; 张雨生,4
天天想你 (Live),大张伟,4
太空浪子,Joyside,4
太阳照常升起,久石譲; 痛仰乐队,4
夸张,周品,4
好不容易,告五人,4
好日子,宋祖英,4
如果你是假的,王菲,4
如果有一天我变得很有钱,毛不易,4
妈妈,万晓利; 法兹乐队 FAZI; 赵雷; 边远,4
姊妹仔,旺福,4
孤勇者,陈奕迅,4
宁夏,梁静茹,4
安妮,王杰,4
安平之光,イルカポリス 海豚刑警,4
富士山下,陈奕迅,4
寒武纪,王菲,4
小河淌水(云南民歌)(Live),吴碧霞,4
少年维持着烦恼,蛋堡,4
幸运的宝儿,野外合作社,4
当冬夜渐暖,孙燕姿,4
快乐崇拜,张韶涵 / 潘玮柏; 潘玮柏 / 张韶涵,4
快让我在雪地上撒点儿野,崔健,4
忽然之间,莫文蔚,4
想你时风起,单依纯,4
想你的365天 (Live),瓦依那,4
想把我唱给你听,王筝 / 老狼 / 小柯 / 曹方; 老狼 / 王婧,4
慢慢喜欢你,莫文蔚,4
慢慢来,蛋堡,4
我不想一个人跳舞,大粉乐队,4
我们万岁,陈奕迅 / eason and the duo band,4
我可以,蔡旻佑,4
我在纽约打电话给你,魏如萱,4
我想你要走了,张悬,4
我无法克制自己,告五人,4
我用什么把你留住,福禄寿FloruitShow,4
我能CHUA,马飞,4
我赚钱了（完整加强版）,吾酷,4
把钱还给我,王建房,4
掉了,张惠妹,4
无双,达达乐队,4
无名之辈,陈雪燃,4
无状态,张悬,4
日常的镜头,椅子乐团 The Chairs,4
时间门外,哪吒乐队,4
星尘共轨,火星电台,4
春分时的梦,狮童,4
春天花会开,任贤齐,4
晃来晃去的人,焦迈奇,4
晚风,好妹妹 / 小娟&山谷里的居民; 陈婧霏,4
普通的日子,魏如萱,4
暧昧,杨丞琳; 王菲,4
最近比较烦,周华健 / 李宗盛 / 品冠; 李宗盛 / 周华健 / 品冠,4
未来之约在地球上最后的夜晚,鲸鱼马戏团,4
末路,贰伍吸菸所 Smoking Area 25,4
来来回回,陈楚生,4
来自过去的一场大雪,丁可,4
枉凝眉,吴碧霞,4
果实,陈粒,4
梦醒时分,伍佰 & China Blue; 陈淑桦,4
橘子汽水,南拳妈妈; 窦靖童,4
武汉,Chinese Football,4
決定不想你,9m88,4
沙滩+Somewhere Over The Rainbow (Live),陶喆,4
洗澡,坚果乐队,4
流川枫与苍井空,黑撒,4
流非飞,王菲,4
温柔,五月天,4
烟雨凤凰,阿朵,4
热雪,魏晨,4
爱,小虎队; 莫文蔚,4
爱在夏天,告五人,4
爱的初体验,张震岳,4
特别的人,方大同,4
玉珍,福禄寿FloruitShow,4
玩具,岛屿心情,4
理想,赵雷,4
理查,凹与山,4
画意,王菀之,4
白天不懂夜的黑 (Live),火星电台,4
真心不假（笛子剧情版配乐 重制）,韩明峻,4
祝你一路顺风,吴奇隆,4
神仙挡不住人想人,贺国丰,4
离开我,品冠,4
秉烛夜游,海瞳,4
秋,FLOWER FLOWER; 周迅,4
秋意浓,张学友,4
稍息立正站好,范晓萱,4
空,谢霆锋,4
空空,陈粒,4
童话生死恋,花儿乐队,4
笔记,周笔畅,4
米店,张玮玮; 张玮玮 / 郭龙,4
红黑红红黑,黄贯中,4
练习,孙燕姿,4
结果,花儿乐队,4
给郁结的诗,小安,4
美丽人生,岛屿心情,4
美好的事可不可以發生在我身上,康士坦的变化球,4
美梦公司,许钧,4
脸 (Live),王菲,4
花世,海尾巴; 达达乐队,4
落霞挽霓虹,邹沛沛,4
要死就一定要死在你手里,杨坤; 莫西子诗,4
让我们看云去,陈明韶,4
诚实假日酒店,野外合作社,4
谁,小柯 / 老狼; 谢雨欣,4
走建国路回家但后座少ㄌ泥,多多 x 以捷,4
走走停停,高小阳 / 高天祥,4
起风了,买辣椒也用券; 吴青峰,4
还山,无边界音乐,4
这是我一生中最勇敢的瞬间,棱镜,4
迷魂记,王菲,4
追梦赤子心,GALA,4
逆行,谢霆锋,4
野蔷薇(Live),戴佩妮,4
闹海,哪吒乐队,4
隧道口虫鸣夜,动物园钉子户,4
霓虹甜心,马赛克,4
青年物语,海瞳,4
青春,王梵瑞; 筠子,4
风光少年兄,阿跨面,4
飘摇,周迅,4
高速公路,美秀集团,4
鲜花在岸上开,五条人,4
黄金时代,声音碎片乐队; 达达; 达达乐队,4
黎明末班车,王天辰,4
黑白电影,周扬,4
걱정말아요 그대,野菊花,4
"너에게 난, 나에게 넌",미도와 파라솔,4
벚꽃 엔딩,Busker Busker,4
사랑해요,김형섭,4
슈퍼스타,미도와 파라솔,4
응급실,IZI,4
전설,JANNABI,4
08年我们结婚,逃跑计划,3
8+8=8,岛屿心情,3
BIRDS OF A FEATHER,Billie Eilish,3
CATHY (2021 Remaster),当山ひとみ,3
Can't Help Falling in Love,Elvis Presley; Elvis Presley / The Jordanaires,3
Do Not Go Gentle into Goodbyes,Chace,3
Falling Slowly,Glen Hansard / Markéta Irglová,3
Forever Young,朴树; 艾怡良,3
Forever Young (Live),朴树,3
Game Over,彭坦,3
Good Riddance,Green Day,3
He Loves You So,麗美,3
High and Dry,Radiohead,3
I Know You Know I Love You,落日飞车,3
Last Dance,伍佰 & China Blue,3
Let's Start From Here,王若琳,3
Lost Stars,Adam Levine; Keira Knightley,3
Love Song,方大同,3
Lucky,Jason Mraz / Colbie Caillat; Lenka,3
Moonquake,白日密语,3
My Jinji,落日飞车,3
Mystery of Love,Sufjan Stevens,3
NEW BOY,朴树,3
NIGHT DANCER,imase,3
Nothing's Gonna Stop Us Now,Starship,3
"OH NO, OH YES!",中森明菜,3
Photograph,Arcade Fire; Ed Sheeran,3
Primetime-sexcrime (耶耶耶) (Radio Edit),Earphones / DJ KAI,3
Shattered Illusions,Amu音乐RnB,3
Someday or One Day,孙盛希,3
Summer,久石譲; 久石譲 / London Symphony Orchestra,3
THE LONELIEST,Måneskin,3
The Bird Song (with Em Beihold),Noah Floersch / Em Beihold,3
Wellerman,Nathan Evans; The Wellermen,3
Yellow,Coldplay,3
ZOEA,安溥 anpu,3
おどるポンポコリン,E-girls,3
一封家书,好妹妹乐队; 李春波,3
一荤一素,毛不易,3
不经意间 (Live),达达乐队,3
不要告别,张惠妹; 杨乃文,3
久违的事 (现场),老狼,3
乘客,王菲,3
二十一世纪的破青年,无妄合作社,3
亲密爱人,梅艳芳; 王若琳; 缪纪君 / 温和治疗(MILDCURE),3
亲爱的苏,子芙,3
他不喜欢你,蜷花仕女,3
仙儿,二手玫瑰,3
余额,孙燕姿,3
你快乐所以我快乐 (Live),王菲,3
你有時間嗎,水源,3
你朝我的方向走来,马念先 / 9m88,3
你的呼吸,张希,3
你的生日,郑智化,3
你要跳舞吗 (Live),新裤子,3
倒带,蔡依林,3
偿还,王菲,3
儿时,刘昊霖,3
光明之门,许巍,3
共同渡过,张国荣,3
再见 (Live),达达乐队,3
再遇见,苏打绿,3
别等了,新学校废物合唱团,3
化学心情下的爱情反应,达达乐队,3
北风,九连真人,3
十分钟的恋爱,ASOS,3
十分钟的恋爱(日),ASOS,3
千千万万,郑宜农,3
午夜飞船,彭坦,3
单恋高校,陈冠希,3
南方姑娘,赵雷,3
南海姑娘,王菲,3
去大理,郝云,3
又见炊烟,王菲,3
只有一个你的世界,霓虹花园,3
合起生财,明堂唱片 / SwagKelly / Major Yao,3
后来的事,陈楚生,3
听妈妈讲那过去的事情,谢冬生; 黑鸭子,3
呼吸决定,Fine乐团,3
和小葛去石家庄,刘森,3
喜欢,张悬,3
回家吃饭,庞龙,3
国际歌,唐朝乐队,3
圈,嘎调,3
圣诞结,陈奕迅,3
在劫难逃,叶蓓,3
在雨中,刘家昌 / 尤雅,3
复活（Live）,野外合作社,3
夏日最美的三十张拍立得相片,椅子乐团 The Chairs,3
多完美的一天,deca joins,3
大中国,高枫,3
大石碎胸口,万能青年旅店,3
大花轿,火风,3
天下没有不散的筵席,郑钧,3
天已经要光,郑宜农,3
太阳 (Live),萧敬腾,3
奇迹再现,毛华锋,3
奔跑,黄征 / 羽·泉,3
她在睡梦中,朴树,3
她的眼睛会下雨,胡歌,3
好心情,李玟,3
孔雀,彭坦; 蛙池,3
孤独的人是可耻的,张楚,3
学猫叫,小潘潘（潘柚彤） / 小峰峰（陈峰）,3
完美的一天,孙燕姿,3
寂寞寂寞就好 (Live),田馥甄,3
对等关系,李荣浩 / 张惠妹,3
小叮当,范晓萱,3
小唐,蛙池,3
小情歌,Caca & Chimneycrow,3
小星星,张震岳 / 阿里山桃花村姐妹,3
小男人 大男孩,萧敬腾,3
小题大做,王菲,3
少年,彭坦,3
尚好的青春,孙燕姿,3
巫堵,deca joins,3
带我去找夜生活,告五人,3
年轻的朋友来相会,张迈 / 佟铁鑫; 李谷一 / 韩东君; 鞠红川,3
广岛之恋,莫文蔚 / 张洪量; 莫文蔚;张洪量,3
建议是看开点,椅子乐团 The Chairs,3
当爱已成往事,张国荣; 李宗盛 / 林忆莲,3
彻夜长谈,崔开潮,3
彼岸花,王菲,3
忘了时间的钟,古巨基,3
恋愛サーキュレーション,花澤香菜,3
情歌而已 (Live),声音碎片乐队,3
惦惦的梦,椅子乐团 The Chairs,3
感情勒索,张震岳,3
慈城公园交谊舞,还潮,3
慢慢,张学友,3
成为彼此宇宙的终极浪漫,棱镜,3
成全,刘若英; 林宥嘉,3
成都,赵雷,3
我们,杨乃文; 陈奕迅,3
我到底是怕你什么,苏慧伦,3
我多想拥抱你,黑屋乐队,3
我常常有一种感觉,当代电影大师,3
我当你空气,旺福,3
我很快乐,刘惜君; 鹿小桃_--,3
我愿意,王菲; 陈晓东,3
我所有的夜有所梦里,ZaZaZsu,3
我期待,张雨生; 罗琦,3
"我说今晚月光那么美,你说是的",好妹妹,3
放学啦,花儿乐队,3
故乡的云,费翔; 韩寒 / 刘昊然 / 刘浩存 / 沈腾 / 乔杉 / 周奇 / 张宥浩 / 冯绍峰 / 黄晓明 / 吴彦姝 / 赵子琪,3
敢傻 就是我的本事 (Dare to Be You),卢广仲,3
旅行的意义(TRAVEL IS MEANINGFUL),陈绮贞,3
无人的海边,霓虹花园,3
无常,王菲,3
无问西东,王菲,3
无题II,麦田守望者,3
日光倾城,卡奇社,3
日落,孙燕姿; 火星电台,3
时间会给你答案,羽果,3
明天你依旧在我身旁,声音玩具,3
明天你是否依然爱我,童安格,3
明天更漫长,窦唯,3
明智之举,许嵩,3
星星堆满天,杨乃文,3
春之声 Single Edition,Quark; Quark夸克乐队,3
春夏秋冬,张国荣,3
春夏秋冬 A Balloon's Journey,张国荣,3
昨天今天明天,侯湘婷 / 吴克群; 赵本山,3
昨日青空,尤长靖; 赵英博 / 任敏 / 章若楠 / 辛云来 / 朱丹妮,3
時の流れに身をまかせ (Inst.Version),岡崎倫典,3
晚上好 春天小姐,五条人; 仁科,3
暗涌,王菲,3
最佳损友,陈奕迅,3
月亮失约了,陳華 / 菲道尔,3
月光光,任素汐,3
有些事现在不做 一辈子都不会做了,五月天,3
末路一对,KIAH,3
梦中人,王菲,3
梦中人(Live),王菲,3
梦游,王菲,3
梦醒了,翻糖乐队; 那英; 那英 / 王菲,3
歌,张艾嘉,3
此刻是不会再拥有的此刻了,房东的猫,3
此去南京三千里,七八点,3
"每一个明天 (Live In Hong Kong, 2013)",陈奕迅,3
永远,孙燕姿; 郭峰,3
污水塘,惘闻,3
没人在乎你,反光镜,3
泡沫,花儿乐队,3
流年,王菲,3
浪人的…,张震岳,3
深呼吸,羽·泉,3
清风徐来,王菲,3
漂流人间,Chinese Football,3
火车开往冬天,朴树,3
火车驶向云外，梦安魂于九霄,刺猬,3
烦恼歌,张学友,3
热爱105°C的你,腾格尔 / 艾伦 / 沈腾; 阿肆,3
焰火青年,刘森,3
爱你,王心凌,3
爱情不堪一击,张广天,3
爱是昂贵的,声音玩具,3
爱是永恒,张学友,3
爱疯了,戴佩妮,3
爱的代价,Carsick Cars; 李宗盛,3
父老乡亲,彭丽媛,3
独家记忆,春日玫瑰(Spring Roses); 陈小春,3
理想的太阳,柳爽,3
生命中最美丽的一天,痛仰乐队,3
生命是一次奇遇(Live),高旗&超载乐队,3
白日梦,红白色乐队; 草东没有派对,3
白鸽,伍佰 & China Blue,3
百变酒精,法老,3
眼泪,范晓萱,3
瞬间,达达; 达达乐队,3
离职,达闻西乐队,3
秋天冬天,张震岳,3
秋酿,房东的猫,3
秘密,张震岳,3
窗外,周迅; 李琛; 窦唯,3
笨蛋的holiday,TangoZ / 斯威特MCSWEET,3
等你爱我,陈奕迅; 陈明,3
纯真,五月天,3
结婚记,水仙斗活佛,3
结婚，美梦 feat.昶旸 @晨曦光廊,安娜其 / 晨曦光廊,3
结束时,岛屿心情,3
给 来自月球的L,椅子乐团 The Chairs,3
给你给我,毛不易,3
给自己的歌,李宗盛,3
美人,小安; 老狼,3
而我也无法摸到上游的风,刘森,3
而玫瑰是你 (URU),温和治疗(MILDCURE),3
胆小鬼,梁咏琪,3
自由自在,田震; 许巍,3
"花,太阳,彩虹,你",Mai / 法老 / 肯迪仔 / NoLabelCrew,3
花园 (Perfume),温和治疗(MILDCURE),3
苦瓜,陈奕迅,3
荒诞,达达乐队,3
莉莉安,宋冬野; 徐佳莹,3
落水天,九连真人,3
蓝天白云,张悬,3
薪想事成,明堂唱片 / Cee / 地磁卡,3
西风的话,陈绮贞,3
请坚信他曾经坚信的诗篇正在短波中消散,寸铁,3
踊り子,Vaundy,3
身边,无印良品,3
还是会寂寞,陈绮贞,3
这里会长出一朵花,旅行团,3
送你匕首,蛙池,3
送别,朴树; 陈绮贞,3
送流水(2021 Version),声音碎片乐队,3
逆流时光,安图声乐队,3
那些失眠的夜与难以忘怀的事,老王乐队,3
那天,撒娇,3
郊眠寺,万能青年旅店,3
酒干倘卖无,苏芮; 迪克牛仔,3
酸酸甜甜就是我,张含韵,3
野百合也有春天,罗大佑,3
阳宝,王菲,3
青年王国,马頔,3
顺流而下(2021 Version),声音碎片乐队,3
风景,丢火车; 便利商店,3
风继续吹,张国荣,3
风雨彩虹铿锵玫瑰,田震,3
飞机场的10:30,陶喆,3
骑车去芬兰 (Heartbreak Finland),Bad Sweetheart,3
黑夜不再来(Live),陈奕迅,3
黑眼圈,陈绮贞,3
100种生活 (live 版),卢广仲,2
100种表情,方大同,2
18 and Life,Skid Row,2
180度,孙燕姿,2
591,郑宜农,2
All I Want for Christmas Is You,Mariah Carey,2
All about Anna,昨夜派对（L.N Party）,2
Angel,FINNEAS,2
Armatopia,Johnny Marr,2
Back To December,Taylor Swift,2
Bang Bang,Jessie J / Ariana Grande / Nicki Minaj,2
Beat It,Michael Jackson,2
Beautiful,自然卷,2
Beautiful Journey,平井 大,2
Better Man,Robbie Williams,2
Bling Bling Bling,后海大鲨鱼,2
Breathe,The Silent League,2
Bummer Summer,Charmer,2
Butter-Fly,和田光司,2
California Dreamin',Mamas & The Papas; The Mamas & the Papas,2
Can't Buy Me Love,The Beatles,2
Candlelight (feat. OHHYUK),落日飞车 / 吴赫,2
Cornfield Chase,Hans Zimmer,2
Crazy In Love,Beyoncé / JAY-Z; Beyoncé / Jay-Z,2
Cure For Me,AURORA,2
Di Da Di,李玟,2
Di-Dar (Live),王菲,2
Don't Break My Heart,黑豹乐队,2
ENDLESS RAIN,X JAPAN,2
EP2,彭坦,2
Everywhere We Go,陈冠希 / MC仁 / 厨房仔 / 应采儿,2
FIRST LOVE,押尾コータロー,2
Falling in Love,Us The Duo,2
Going Home,Sophie Zelmani,2
Happy Birth Day,五月天 阿信,2
Hiding My Heart,Adele,2
Honey Honey,孙燕姿,2
I Believe,申升勋,2
I Wrote a Song for You,韦礼安,2
I'm OK,陶喆,2
Imagined Light,Topshe,2
Intro,The xx; 尤长靖,2
Italo Disco,Last Dinosaurs,2
Jingle Bells,Santa Claus / Christmas Kids Party / Christmas Kidz Pop / Jingle Bells / Christmas Songs / Children's Music,2
Last Christmas,Taylor Swift; Wham!,2
Leave The Door Open,Bruno Mars / Anderson Paak / Silk Sonic,2
Lemon Tree,Fool's Garden,2
Les Patineurs - valse [Op. 183] (2005 Digital Remaster),Herbert von Karajan,2
Let It Go,Loni Lovato,2
Lonely God,惘闻,2
Lonesome Town,Ricky Nelson,2
Long Way Home,点灯人（Lamplighters）,2
Love,Keyshia Cole,2
Love Of My Life,Queen,2
MOM,蜡笔小心,2
Monday,窦靖童,2
Moon River,Audrey Hepburn; 伍々慧,2
Mornin' Pancakes,The Delegates,2
Moscato,Kurosuke,2
My Heart Will Go On,Céline Dion,2
Not Today,Imagine Dragons,2
November Rain,Guns N' Roses; Jannabi,2
OCEAN,彭坦 / 春晓,2
Off Shore,角松敏生,2
Para Para Sakura,郭富城,2
Parklife (2012 Remaster),Blur,2
Plastic Face,STOLEN秘密行动,2
Play我呸,蔡依林,2
Price Tag,Jessie J,2
R&B All Night (Live),郑伟杰Nigel / 王以太 / 王鲁飞lufy / 唐西锐 / 黄俊杰 / 赵家强,2
Reality,Richard Sanderson; YAYYOUNG,2
Rollin' On,椅子乐团 The Chairs,2
Rose,James Horner; Maximilian Hecker,2
Run Away,HYBS; 子瑜,2
SAFE ZONE,Vichaya Vatanasapt,2
Shall We Talk (Tre Lune MMXIX),陈奕迅,2
Song F (Live),达达乐队,2
Stay Gold,宇多田ヒカル,2
Suis-moi,Hans Zimmer / Richard Harvey / Camille,2
Summer Ends,THE BOOTLEGS 靴腿,2
Surfing Rock,肖骏,2
Susan 说,陶喆,2
The Corner We Call It Home,Shewillhewill,2
The Cup Of Life,Ricky Martin,2
The World Retreats,David O'Dowda,2
The job song,贝卡,2
Tonight,乔任梁,2
Twilight Rush（暮色狂奔）,结冰水,2
Under Pressure,Queen / David Bowie,2
Upupu,皮皮爱习题,2
We Are the Champions,Queen,2
Who Says,Selena Gomez,2
Without You,Badfinger; Mariah Carey,2
Year of the Snake,Arcade Fire,2
Yesterday Once More,Carpenters,2
get you the moon,Kina / SNØW,2
いつも何度でも,木村弓,2
いとしのエリー,サザンオールスターズ,2
きっとまたいつか（album version）,DEPAPEPE,2
ゆいいつむに,moumoon,2
一个人的北京,好妹妹,2
一个人走,林志炫,2
一个女人和浴室,谢安琪,2
一个小心愿,王菲,2
一场游戏一场梦 (Live),新裤子,2
一如往常,逃走鮑伯,2
一往情深的恋人 (Live),李健,2
一生所爱 (Live),重塑雕像的权利,2
七百年后,陈奕迅,2
三人游,方大同,2
上岗去,九连真人,2
上海25小时,顶楼的马戏团,2
上空河马,自由发挥,2
下一个天亮,郭静,2
下雨天,与少年他 / 芝麻Mochi; 南拳妈妈,2
不万能的喜剧,万能青年旅店,2
不吃早餐才是一件很嘻哈的事,MC HotDog 热狗 / 蛋堡,2
不完美女孩,周冬雨,2
不留,王菲,2
不确定,万芳,2
不要告别(Live),高旗&超载乐队,2
不醒的四月,周迅,2
与你到永久,伍佰,2
世情,五条人,2
世界上不存在的歌,赵英俊,2
世界会变好,痛仰乐队,2
世界末日的某个角落,卡奇社 / 魏如萱 / 鹤这豹脾气 / 颗粒,2
世界正中,陈粒,2
世界的理想,五条人,2
中南海,Carsick Cars,2
中学时代,水木年华,2
义务为豪大大鸡排所作个广告歌,顶楼的马戏团,2
乘着破船回家,白举纲,2
九月九的酒,陈少华,2
九月底,余佳运,2
也许我见不到你了,伤心欲绝,2
亲爱的,旅行团; 郑宜农,2
亲爱的你怎么不在我身边,江美琪,2
亲爱的旅人啊,周深,2
人啊,徐佳莹,2
人质,张惠妹,2
人间 (live),王菲,2
今天是你的生日，妈妈 (Live),李健,2
今年一定带你去看海,Peace Hotel(和平饭店),2
他妈的,尧十三,2
以为,反光镜,2
仰望,杨丞琳,2
伤心太平洋,任贤齐,2
但我爱你,霓虹花园,2
你不是真正的快乐 (Live),G.E.M.邓紫棋,2
你不知道的事,王力宏,2
你会有报应,孔雀眼,2
你会爱的人,杨千嬅,2
你在终点等我,王菲,2
你是我胸口永远的痛,王杰 / 叶欢,2
你曾是少年,焦迈奇,2
你的城市,声音玩具,2
你的甜蜜,范晓萱,2
你的背包,陈奕迅,2
你瞒我瞒,陈柏宇,2
你离开了南京从此没有人和我说话（翻自 BB）,谣子,2
你要的爱,戴佩妮,2
你都忘了你有多美,新裤子,2
信游无疆,法兹乐队 FAZI,2
倾城之雨,罗大佑,2
假象海,Bad Sweetheart,2
偏偏喜欢你,霓虹花园,2
偶然,周深 / 李维,2
像我这样的人,毛不易,2
像我这样的女孩,自然卷,2
像风一样,薛之谦,2
僕が死のうと思ったのは,中島美嘉,2
光之翼,王菲,2
光年之外,G.E.M.邓紫棋,2
克林,棱镜,2
公主,厨子和戏子; 回春丹,2
公园里,白天不亮 / 彭坦,2
公路之歌,痛仰乐队,2
兴奋到死的东西,回春丹,2
再也没有,永彬Ryan.B / AY楊佬叁,2
再次来临,谢天笑,2
再见(真情版),张震岳,2
再见北京,赵雷,2
再见杰克,痛仰乐队,2
"再见，银河系（Good bye,our galaxy)",霜默（Frosty Silence）,2
再谈记忆,盘尼西林,2
写一首歌,顺子,2
军港之夜,吕继宏,2
农夫渔夫,大乔小乔,2
冬夜里的雨滴,无边界音乐,2
冬天游水,张玉华,2
冰,裘德 / 康士坦的变化球,2
冰糖葫芦,冯晓泉; 红娃娃,2
冷雨夜,Beyond,2
分分钟需要你,林子祥; 林忆莲,2
分手快乐,梁静茹,2
别，千万别,朴树,2
加德满都的风铃,汪峰,2
匆匆那年,王菲,2
北京Long Stay,袁泉,2
十万嬉皮,万能青年旅店,2
十面埋伏,陈奕迅,2
千千阕歌,陈慧娴,2
千言万语,王菲,2
单车,陈奕迅,2
单车恋人,后弦,2
南三环东路,DOUDOU,2
南国的孩子,张悬,2
去他的岛,未来寺,2
县城,刘森,2
只有音乐才是我的解药,反光镜,2
可惜我是水瓶座,杨千嬅,2
后会无期,G.E.M.邓紫棋; 徐良 / 汪苏泷,2
听海(live版),张惠妹,2
听那星光歌唱,许美静,2
周末玩具,旅行团,2
味道 (live),张学友,2
咱们工人有力量,中国广播艺术团合唱团,2
哎哟,毛不易,2
哔一声之后,王菲,2
哭了,范晓萱,2
哭砂,林志炫,2
嗨嗨人生,MC Hotdog / 张震岳 / 关颖,2
嚎叫俱乐部,反光镜,2
在世界的尽头大声地说我恨你,鱼丁糸,2
在别处,许巍,2
在小时候的黄昏见,宋捷,2
在希望田,朴树,2
在我成为井井有条的大人之前,郭采洁,2
在路上,麦田守望者,2
坦白,火星电台,2
城市潛水,椅子乐团 The Chairs,2
城市黄昏 (Acoustic Version),霓虹花园,2
堕落,王菲,2
塔吉汗,马条,2
墨荭潮,彭坦,2
复刻回忆,薛凯琪 / 方大同,2
夏夜最后的浪漫,缺省,2
夏天,李玖哲,2
夏天海边,隔壁团乐队,2
夏日物语,卓越,2
夕阳之歌(Live),梅艳芳,2
夜夜夜夜,熊天平; 金池,2
夜照亮了夜,伍佰 & China Blue,2
大海啊，故乡,钟立风,2
天上飞,二狗子Saddoggy; 李承铉,2
天佑二零,Quark,2
天天(Revised 2003 Version),陶喆,2
天黑黑,孙燕姿,2
太阳可以是蓝色吗,潮池蓝,2
失落沙洲,徐佳莹,2
女人与小孩 I,齐豫,2
她,周华健 / 王思远; 王思远,2
她和她和她,于贞,2
好花红,赵泰,2
"如何 (From ""แปลรักฉันด้วยใจเธอ"")",PP Krit,2
如果太阳落下,许钧,2
如果明天,牛奶咖啡,2
如果有来生,谭维维,2
如果能忍住,暴躁的兔子,2
如果这就是生活,周迅,2
如烟 + 如果还有明天 (Live),五月天 / 家家,2
妈妈，我...,朴树,2
姗姗,金玟岐,2
娱乐天空,火星电台; 陈奕迅,2
存在,林忆莲; 黄贯中,2
孩子,陈绮贞; 黑屋乐队,2
宇宙之大,许嵩,2
安靜的美好,康士坦的变化球,2
完美夏天(Live),高旗&超载乐队,2
家,南拳妈妈; 许巍,2
寂寞烟火,朱婧汐Akini Jing,2
对镜梳妆,沈庆,2
寻人启事,梅婷,2
對不起我做不到答應了你的事,康士坦的变化球,2
小孩儿,THE BOOTLEGS 靴腿,2
小时候,五月天,2
小狗落回你身旁,动物园钉子户,2
小聪明,王菲,2
小镇姑娘,陶喆,2
小黄人版Happy Birthday To You（Cover ：Unknow）,BR44,2
少女的祈祷(Live),杨千嬅,2
少年锦时,赵雷,2
就要思君,ZaZaZsu,2
就让我在春风沉醉的夜晚老去,野夫子,2
就让我坠入海底（Sink Into A Deep Sea）,Sunken Boat 沉舟乐队,2
山河水,窦唯,2
左边,杨丞琳,2
巴黎德州,椅子乐团 The Chairs,2
干杯,五月天,2
干杯时我会想起你,新学校废物合唱团,2
干杯朋友 (2016重混版),不优雅（biuya）,2
平凡的一天,毛不易,2
年轻无极限,孙燕姿,2
年轻诗人,理想后花园,2
幸福拍手歌,中央人民广播电台少年广播合唱团; 宝宝巴士,2
幸虧我沒有死在昨晚,黑色收音机派对,2
庆祝,杨丞琳; 蔡国庆,2
异乡人 (live),李健,2
张三的歌,张悬; 蔡琴,2
弯弯的月亮,吕方,2
归来,满江; 纵贯线,2
当你老了,莫文蔚; 赵照,2
当夜空落去，城市继续前行,帆布小镇（Canvas Townlet）,2
当我再见到你的时候,白举纲,2
当我爱你的时候,钢心,2
彩虹,叶蓓; 张惠妹,2
很难,张震岳,2
心愿便利贴,元若蓝 / 大Q秉洛; 大Q秉洛 / 元若蓝,2
心雨,杨钰莹 / 毛宁,2
忘记时间,胡歌,2
快乐,deca joins,2
快乐老家,陈明,2
怪情歌,陈粒,2
恋恋风尘,老狼,2
恋爱的犀牛,黄雨篱 / 刘逸诗,2
恐龍一樣勇敢,康姆士COM'Z,2
恨情歌＋风筝＋然而(Live),秦昊,2
恭喜恭喜,中国娃娃,2
悟空,戴荃; 蔡翊昇,2
悲伤只是一种普遍的情绪,塑料,2
悲哀藏在现实中,刘森,2
情人,Beyond,2
情歌王,古巨基,2
情歌而已,声音碎片乐队,2
想像,王菲,2
想念,刘若英,2
想把你留在这里,Tizzy T / Jony J,2
愛愛不懂愛 AiAi (Album V),我是機車少女,2
愿长夜里有人陪你说话,鹿先森乐队,2
慢灵魂,卢广仲,2
戏雪,张艾嘉,2
我不会喜欢你,陈柏霖,2
我不知道2020,梁博,2
我也很想他,孙燕姿,2
我们俩,郭顶,2
我们打着光脚在风车下跑，手上的狗尾巴草摇啊摇,等一下就回家 / -艾兜,2
我们最好的时光 就是现在,新裤子,2
我们的时光,赵雷,2
我们都拥有海洋,吴青峰,2
我們的地方,椅子乐团 The Chairs,2
我去spa 你去死吧,顶楼的马戏团,2
我只在乎你,邓丽君,2
我和我的金鱼都抑郁了,狮童; 狮童乐队,2
我好想你,徐佳莹,2
我很好,刘沁; 刘若英,2
我总是不懂你的意思,Bad Sweetheart,2
我想,余佳运,2
我想 （正式版）feat.泠风,法老 / 泠风,2
我想和你一起,温蒂漫步,2
我想和你虚度时光,程璧 / 莫西子诗,2
我成了自己期待的样子,白举纲,2
我所拥有的时间,七八点,2
我无法停止幻想,梅卡德尔,2
我是一条小青龙(OK版),关峡,2
我爱你，再见,朴树,2
我的Folykiki,沙一汀EL,2
我的名字,焦迈奇,2
我的好心情,苏有朋,2
我的生命只有过一次意义,丢火车,2
我的秘密,G.E.M.邓紫棋,2
我的蒙娜丽莎,旅行团,2
我要你爱,美秀集团,2
我要开花,二手玫瑰,2
我要的幸福,孙燕姿,2
我要的幸福 (live),YELLOW黄宣,2
我要让你心碎,达闻西乐队,2
我还年轻 我还年轻,老王乐队,2
我这样的男人,郑智化,2
手捧一杯酒,椅子乐团 The Chairs,2
才二十三,方大同,2
执迷不悔 (Live),王菲,2
扫兴,王菲,2
把闹钟关了,CJ 周密 / JiaWeiXian,2
抓住他,钟立风,2
抓贼,雪村,2
披星戴月的想你,告五人,2
抱着你,张震岳,2
抽根烟 喝杯酒,万晓利,2
拥抱春天,A公馆,2
挪威的森林,伍佰; 伍佰 & China Blue,2
推翻(Unpluggde) (live),王菲,2
摆渡,火星电台,2
放心去飞,小虎队,2
断气,回春丹,2
断点,张敬轩,2
新年快乐,中国娃娃; 小虎队 / 忧欢派对,2
无名的人,毛不易,2
无尽美丽的事物,昨夜派对（L.N Party）,2
无条件,陈奕迅,2
无法原谅,李佳璐,2
无法拥有的人要好好道别,棱镜,2
无烦恼,反光镜,2
无畏号,火星电台,2
无间爱恋,彭坦 / 春晓,2
日子,张悬,2
旧城之王,Muma木马,2
早晨,达达乐队,2
早点早点,沙一汀EL,2
早睡身体好,许嵩,2
时光,许巍,2
明天我要嫁给你,周华健,2
星,谷村新司,2
星期三或礼拜三,魏如萱 / 岑宁儿; 魏如萱 / 马頔,2
星期天去骑车,豆花Lua; 露可安,2
星空 (Live),五月天,2
星空之上,Crispy脆乐团,2
春光乍泄,张国荣,2
春天,周迅,2
春天游泳,deca joins,2
春天里,旭日阳刚; 汪峰,2
春天音乐,丢莱卡WastedLaika,2
昨天今天,老狼,2
昨天就像是没有发生过,宋捷,2
是你想成为的大人吗,尤长靖,2
是是非非,陶喆,2
显微镜下的爱情,黄义达,2
曾 经 错 过 与 你,海德薇乐队(THE HEDWIG),2
最后一班车,刺猬,2
月亮之上 自由飞翔 雷鬼舞曲版,凤凰传奇,2
月亮船,王英姿,2
月光爱人,李玟,2
月半小夜曲,李克勤,2
月牙湾,F.I.R.,2
有一种悲伤,黄丽玲,2
有何不可,许嵩,2
有你的快乐,王若琳,2
有暖气 (You Nuan Chi),橘子海 (Orange Ocean),2
朋友 (live),左麟右李,2
未来的主人翁,罗大佑,2
未给姐姐递出的信,赵雷,2
末日,王菲,2
杭州，利群，你,许钧,2
树叶,彭坦,2
梦伴,李悦君Ericaceae,2
梦里梦外,Jam,2
梵高先生,撒娇,2
椰林少女,旅行团,2
歌 (1995年Unplugged版),罗大佑,2
歌一切,许钧,2
歌唱祖国,东方红合唱队; 群星,2
死者より,坂本慎太郎,2
殉情,夏之禹,2
比天空还远,曹方,2
比我幸福,陈晓东,2
毕业歌,额尔古纳乐队,2
毛病,达达乐队,2
气球,许哲珮,2
氧气(O2 有氧版),范晓萱,2
永隔一江水,刘森,2
沙发上的白日梦,SoulFa 灵魂沙发,2
没有你的旅途 没有意义,新裤子,2
没长大的歌,孟慧圆,2
泥河,万能青年旅店,2
泪桥,伍佰; 伍佰 & China Blue,2
活着便精彩,Beyond,2
派对动物 (Life Live),五月天,2
济南济南,陈小熊,2
浪漫人渣,打倒三明治,2
浪费 (Live),林宥嘉 / 郁可唯,2
浴室,deca joins,2
海盗船长2.0 (live版),风子,2
海边旅馆一夜,Schoolgirl byebye,2
海边的罗密欧与朱丽叶,火星电台,2
深夜的歌,张过年,2
清白之年 (Live),朴树,2
温蒂公主的侍卫,告五人,2
游戏胜利,Chinese Football,2
漂洋过海来看你,娃娃; 李宗盛,2
潇洒走一回,二手玫瑰; 叶蒨文,2
潘朵拉,张韶涵,2
潮疑（Ask The Waves What To Do）,弱水WeakWaves,2
烂人生,泥鳅Zinco,2
烟花,南西肯恩; 窦靖童,2
热死荒梁,法兹乐队 FAZI,2
热爱,郑钧,2
無法當你的平凡普通朋友(Live at The Sigh),康姆士COM'Z,2
燃烧的爱情 feat.李鹏(反光镜),闪星TwinkleStar,2
爱不爱我,零点乐队,2
爱了很久的朋友（翻自 田馥甄）,不靠谱组合,2
爱人呢？,郭采洁,2
爱人穿过你,刘森,2
爱无所畏,莫文蔚,2
爱是个什么东西,陶喆,2
爱的卡片,明天的盐,2
爱的奉献,翁倩玉,2
爱的箴言,罗大佑,2
爱要怎么说出口,赵传,2
父亲写的散文诗 (live),李健,2
犯错,顾峰 / 斯琴高丽,2
狼狽(live),康姆士COM'Z,2
猎户星座 (Live版),朴树,2
猪猪侠,陈洁丽,2
猴哥,张伟进,2
王八蛋 (Live),陶喆,2
玫瑰往事,昨夜派对（L.N Party）,2
环游世界,Tizzy T / 旅行团,2
理想三旬 (Live),谢春花 / 音乐好朋友,2
生きていたんだよな,あいみょん,2
生之响往,刺猬,2
生命万岁,GALA,2
生日祝福歌,格格,2
生活的诗意,彭坦,2
男孩别哭,海龟先生,2
白痴,王菲,2
盛夏光年,五月天,2
盛夏的果实,莫文蔚,2
看见快乐对我笑,万芳,2
真心英雄,彭昱畅 / 刺猬,2
真的想见你 (Live),李玟,2
着迷 (Fascination),迷心,2
睫毛弯弯,王心凌,2
祝你生日快乐,云雀合唱团,2
祝君好,张智霖,2
祝我幸福,杨乃文,2
离人,林志炫,2
秋天不回来,王强,2
科幻,许嵩,2
空に星が綺麗~悲しい吉祥寺~,斉藤和義,2
空帆船 (Live),朴树,2
突然好想你 (Live),古巨基; 徐佳莹,2
突然想到理想这个词,郝云,2
突然想爱你,许茹芸,2
突然的自我,伍佰 & China Blue,2
童,王菲,2
笑忘歌,五月天,2
等待,达达乐队,2
等我们老了，就定居在重庆,房东的猫,2
答案,杨坤 / 郭采洁,2
简情歌 （吉他版）,房东的猫,2
粉红色的回忆,痛仰乐队; 韩宝仪,2
粘人,二手玫瑰,2
红与黑,低苦艾,2
红玫瑰,陈奕迅,2
红色的河 (旅行团 & 吴青峰),旅行团 / 吴青峰,2
红运当头,明堂唱片 / 夏之禹 / 白天不亮,2
给一个焦虑症的朋友,理想后花园,2
给你一瓶魔法药水,告五人,2
给我一点温度,梁博,2
给自己的情书,王菲,2
绿光,孙燕姿,2
缅因路的月亮,盘尼西林,2
罗生门,吴青峰; 麦浚龙 / 谢安琪,2
美丽山,彭坦,2
美丽新世界(Live),S.H.E,2
美之 (Mee & Gee),N.Y.P.D. 南洋派對,2
美妙的孤单,浪,2
老友,鲸鱼马戏团,2
老子明天不上班,谢帝,2
耳语,彭坦,2
自然卷,自然卷,2
至少还有你,林忆莲,2
船长,赵雷,2
花事了,王菲,2
花火,梁咏琪; 汪峰,2
花的姿态,陈绮贞,2
花祭,齐秦,2
苏州河,薛凯琪,2
范玮琪 - 一个像夏天一个像秋天,San ves / 张雯倩,2
莫欺少年穷,九连真人,2
葡萄成熟时,陈奕迅,2
藓的歌唱,安溥 anpu,2
街仔路雨落袂停,郑宜农 / 陈娴静,2
被雨伤透,魏如萱 / 吴青峰,2
西游记主题曲,许镜清 / 中央芭蕾舞团管弦乐队,2
言不由衷,徐佳莹,2
让一切随风,钟镇涛,2
让我坠入爱的漩涡,大张伟,2
让我给你买包烟,脏手指 Oh! Dirty Fingers,2
谢谢你的爱1999,谢霆锋,2
谢谢侬,陈奕迅,2
贝加尔湖畔,李健,2
贪心,张震岳,2
赤子呓语一生梦,刺猬,2
赤道上,蔡健雅,2
走不开的快乐,Beyond,2
走马灯,彭坦,2
越长大越孤单,牛奶咖啡,2
路口,张震岳,2
路过而已,执纸大魔王,2
跳海,告五人,2
踩着三轮车卖菜的老阿伯,阿牛,2
身未动，心已远,周迅,2
辞(《观音山》主题曲),范冰冰,2
达摩流浪者,万晓利,2
还想听你的故事,谢春花 / 王碧浪,2
还我蔚蓝,反光镜,2
这世界只有你明白我,隔壁团乐队,2
这世界那么多人,莫文蔚,2
远道而来的云,Muma木马,2
迪安的啤酒,风子,2
迷失,彭坦,2
迷失广州,唯利玉碎计划,2
迷途相聚,声音碎片乐队,2
追,张国荣; 陶喆,2
送你一朵小红花,Mr.田; 赵英俊 / 船长—每晚8点弹唱直播,2
逃,孙盛希,2
逝去的歌,旅行团,2
遇见你,苏扔旺Susan Wong,2
遗憾,时间不够以后; 许美静,2
遥望(励志篇),小柯,2
遥远的她,张学友; 陈奕迅,2
那不是我的名字,小河,2
那些事情是真的有意思吗,当代电影大师,2
那些你很冒险的梦,林俊杰,2
那些年,胡夏,2
那些花儿(吉他版),朴树,2
郭源潮,宋冬野,2
都市金阁寺 (Lost Soul Paradise),迷心,2
都没关系 (feat. 苏珮卿),Skyline 天际线融合爵士乐团 / 苏珮卿,2
野火,声音碎片乐队,2
野狼disco,宝石Gem,2
野花,田震,2
金陵,烟雾弥漫双眼,2
钱,麦田守望者,2
银色山坡 (Silver Hillside),Bad Sweetheart,2
闪光的回忆,逃跑计划,2
闷 (Live),王菲,2
阳光下,满江,2
阳光下的星星,金海心,2
阳光总在风雨后,许美静,2
阿公的热气球 Grandpa's Balloon,royster lee,2
阿呆,岛屿心情,2
阿奶,旅行团,2
阿珍爱上了阿强,五条人,2
陌生的女人,乐园里乐团,2
陪你度过漫长岁月,陈奕迅,2
隐藏,海瞳,2
雨季森林 (Don't Rain on Me),VH (Vast & Hazy),2
露从今夜白,烟雾弥漫双眼,2
青春纪念册,可米小子,2
青藏高原,李娜; 韩红,2
靠近一点点,梁心颐,2
面会菜,林生祥,2
风马,郑钧,2
飞人,秦昊,2
香奈儿,王菲,2
香格里拉,魏如萱; 黄玠,2
香水有毒,桂莹莹,2
鬼迷心窍,李宗盛,2
鱼,陈绮贞; 魏如萱,2
鹿港小镇,罗大佑,2
麻醉,王菲,2
黄昏,周传雄; 押尾コータロー,2
黄河谣,野孩子,2
黑洞里,方大同,2
黑色柳丁,陶喆,2
黑色梦中,窦唯,2
그남자,玄彬,2
청춘,Sanulrim; 산울림 Sanullim,2
(Everything I Do) I Do It For You (Album Version),Bryan Adams,1
(失明前)我想记得的47件事,陈绮贞 / Fa,1
02 苏州河（prod. by 三册柏）,L1STALLDO(厘思翱渡) / 宝藏山 Treasure Hill / 三册柏,1
02：50,派克特（PACT） / GALI / Jony J / KIGGA,1
10 Hz Alpha Thunderstorm (Extended Version),White Noise Meditation,1
19才,スガシカオ,1
2002年的第一场雪,刀郎,1
202 (New Mix),ラブリーサマーちゃん / 泉まくら,1
20岁的礼物是一双鞋,浪旅LongTravel,1
22,Taylor Swift,1
22 (OVER S∞∞N),Bon Iver,1
24,陈奕迅,1
24小时摇滚聚会,刺猬,1
25,鸟撞 Birdstriking,1
28214（去别处）,KEY.L刘聪,1
29,许钧,1
29 (live版),许钧,1
3055,Ólafur Arnalds,1
365 个祝福,蔡国庆 / 王宛尘 / 王云峰 / S-win,1
40,刘若英 / 李心洁 / 张艾嘉,1
404 NOT FOUND,楽七俱乐部,1
"5 Military Marches, Op. 39, ""Pomp and Circumstance"": No. 1 in D Major, ""Land of Hope and Glory"":Military March No. 1 in D Major, Op. 39, ""Pomp and Circumstance""",Edward Elgar,1
500 Miles,The Journeymen,1
7 Years,Lukas Graham,1
79 89 99,戴佩妮,1
8+2+8  I,重塑雕像的权利,1
83射雕 铁血丹心 激昂版,之乐而乐,1
918,氿铭,1
A Letter To My Younger Self,Quinn XCII / Logic,1
A Sad Me In Your Eyes,昨夜派对（L.N Party）,1
A Thousand Years,Christina Perri,1
A toi,Joe Dassin,1
ALDEBARAN,STOLEN秘密行动,1
Adagio Per Archi E Organo In Sol Minore,London Philharmonic Orchestra,1
Adore You,Harry Styles,1
Affection,Fiji Blue,1
All I Want For Christmas Is You,Mariah Carey,1
All Time Low,Kurt Hugo Schneider / Sam Tsui / Casey Breves,1
All for you,徐仁国 / 郑恩地,1
Am Pm,莫文蔚,1
Amarillo,Shakira,1
Amen,戴佩妮,1
Amerigo,Patti Smith,1
"Amor, Amor De Mis Amores",Natalia Lafourcade / Devendra Banhart,1
And I Hope,LEIWA,1
And I Love You So,尧十三,1
Angel Baby,Troye Sivan,1
Another Day,Fiji Blue,1
Another Piece of the Cake,Summer Salt,1
Anthem (The 2002 FIFA World Cup Official Anthem) [JS Radio Edit],Vangelis,1
Anybody Out There?,HUSH,1
Apocalypse,Cigarettes After Sex,1
Aquarius,Aqua,1
Around the World,Aqua,1
Aruarian Dance,Nujabes / Fat Jon,1
Asian Dream Song,久石譲,1
Aurora Borealis,John H. Clarke,1
Autumn Leaves,Eric Clapton,1
A小調圓舞曲〈遺作〉waltz In A Minor B.150 Op. Posth,Zelimir Panic,1
BCKYRD,Hot Mulligan,1
Baby,Justin Bieber / Ludacris,1
Baby Got Back,Sir Mix-A-Lot,1
Baby Sister,江映蓉 / 李霄云 / 黄英 / 郁可唯 / 刘惜君 / 谈莉娜 / 潘辰 / 潘虹樾 / 曾轶可 / 李予溪,1
Baby Song,陈奕迅,1
Battle Song,Berlin Psycho Nurses（柏林护士）,1
Beautiful Woman,张悬,1
Beautiful《孤单又灿烂的神-鬼怪》OST（翻自 Crush (크러쉬).）,D.Mao,1
Beggin',Måneskin,1
Better,叶喜儿,1
Bim Bam Boum,Melissa Mars,1
Birthday Song,Frankie Cosmos,1
Biutyful,Coldplay,1
Black Sheep,OmenXIII / ʎpoqou,1
Bloodshot,Lexy Panterra,1
Bloom of Youth,清水淳一,1
Blowin' in the Wind,Bob Dylan,1
Blowing in the Wind,Bob Dylan,1
Bluss,Otto A Totland,1
Bohemian Rhapsody,Queen,1
Bohemian Rhapsody (Live),王菲,1
Boléro,Berliner Philharmoniker / Herbert von Karajan,1
Breathe Easy,Blue,1
Brothers In Arms (Live At The Royal Albert Hall),Mark Knopfler,1
Burgundy Red,落日飞车,1
Bye Bye,旅行团,1
Bye Bye (Live),旅行团,1
CHEER UP! THE SUMMER,山下達郎,1
California,Claire Ridgely,1
Call Me Call Me,Steve Conte / Seatbelts,1
Camberwell,#1 Dads,1
Camera,Ed Sheeran,1
Camino sin fin,张三弥,1
Can You Feel the Love Tonight (End Title),Elton John,1
"Can You Feel the Love Tonight (End Title/ From ""The Lion King""/Soundtrack Version)",Elton John,1
Can't Help Falling In Love,F4,1
Can't buy me love,伍々慧,1
Candy 甜心,ColorfulBar 彩文,1
Candycan,kidult.,1
Capricorn,Vampire Weekend,1
Car Park,Fenne Lily,1
Carbon Copy,Ash King,1
Careless Whisper,Wham!,1
Catch A Dream,方大同,1
Catch You Catch Me,日向めぐみ,1
Cayman Islands (Album Version),Kings of Convenience,1
Cha - Cha - Cha,Finzy Kontini,1
Changes,Hayd,1
Chant De Nuit,Pierre Bensusan,1
Charlie Brown,Coldplay,1
Childhood Days,麗美,1
Child Hood,Casino Demon,1
Christmas Eve (圣诞快乐？),温和治疗(MILDCURE),1
Ciao,Enca,1
City Of Stars,Ryan Gosling,1
Claymation Courtyard,Buckethead,1
Clearest Blue,CHVRCHES,1
Cocoon,Jack Johnson,1
Cold air,ForeverLive,1
"Concerto for 2 Violins, Strings, and Continuo in D minor, BWV 1043:1. Vivace",Arthur Grumiaux / Herman Krebbers / Heinz Holliger / Les Solistes Romands / Arpad Gérecz / New Philharmonia Orchestra / Edo de Waart,1
"Concerto for Violin and Strings in E major, Op.8, No.1, R.269 ""La Primavera"": I.Allegro",Neville Marriner / Academy of St. Martin in the Fields,1
"Concerto for Violin and Strings in E major, Op.8, No.1, R.269 ""La Primavera"": III.Allegro (Danza pastorale)",Neville Marriner / Academy of St. Martin in the Fields,1
"Concerto for Violin and Strings in F minor, Op.8, No.4, R.297 ""L'inverno"": II.Largo",Neville Marriner / Academy of St. Martin in the Fields,1
Congratulations,Post Malone / Quavo,1
Conversation 3,睡前谈话,1
Country Victoria,Fourteen Nights At Sea,1
Cruel Summer,Taylor Swift,1
Cuando Me Ennamoro,Andrea Bocelli,1
DANCE with MOON,玉置浩二,1
DEAR JOHN,比莉,1
DREAM (Live),钱正昊 / 朱星杰 / 范丞丞 / 黄明昊 (Justin) / 朱正廷 / 丁泽仁 / 周彦辰,1
Dancing,Mellow Fellow,1
Darling,爱是唯一,1
Day 1 ◑,HONNE,1
Day Of The Lords,Joy Division,1
Daylight,Maroon 5,1
Dear Lonely,Dependence,1
Dear Mary,悶餅MOONBAND,1
Dear You,昨夜派对（L.N Party）,1
Dear you and the boy,陈珊妮 / 张悬,1
"Denver, the Last Dinosaur",Various Artists,1
Disaster,Conan Gray,1
Disenchanted,My Chemical Romance,1
Distance,KILLY,1
Do Not Go Gentle Into That Good Night,John Lithgow / Ellen Burstyn / Casey Affleck / Jessica Chastain / Matthew McConaughey / Mackenzie Foy,1
Dog Days Are Over,Florence + The Machine,1
Don't Break My Heart (Live),王菲,1
Don't Break My Heart (live),窦靖童,1
Don't Cry for Me Argentina,Madonna,1
"Don't Cry, 2020",COIN,1
"Don't Think Twice, It's All Right",Bob Dylan,1
Don't Worry Be Happy,Holly Dolly,1
Don't You,布朗尼,1
Dreams,The Cranberries,1
Du Plaisir,Félix Gray,1
Dying In the Sun,The Cranberries,1
"EYES, NOSE, LIPS (眼，鼻，嘴) (KR Ver._BIGBANG WORLD TOUR 2015~2016 [MADE] IN JAPAN)",太阳,1
Easy,彭坦,1
Edo,Iwamizu,1
Eleanor Rigby,Joan Baez,1
Elephant Stone,The Stone Roses,1
Elliot's Song,Morsion,1
Elliott,Fenne Lily,1
Enchanted,Owl City,1
Estrada Branca,坂本龍一,1
Ever Since the World Began,Survivor,1
Every Breath You Take,The Police,1
Everything Will Flow,Brett Anderson,1
Experience,Ludovico Einaudi,1
Eyes On Me,王菲,1
FANTASTIC BABY,BIGBANG,1
FEI FEI RUN (Live),木马乐队,1
Fake Plastic Trees,Radiohead,1
Feeling Good,Muse,1
Feifei Run,Muma木马,1
Finding the Rose,Hans Zimmer / Richard Harvey,1
Fine Again,Seether,1
Fire Flower,Summer Salt,1
Firework,Katy Perry,1
Fireworks,First Aid Kit,1
First Love,宇多田ヒカル,1
Fix You,Coldplay,1
Fly Away,F.I.R.,1
Fly Away From Here,Aerosmith,1
Fly Me To The Moon,小野リサ,1
Fly Me to the Moon,Joshua Radin,1
For Tomorrow (2012 Remaster),Blur,1
For You To Be Here,Tom Rosenthal,1
Foreign Time,Glass Towers,1
Forever Young (童声版),Various Artists,1
Fortune Teller,Maroon 5,1
Fragile,小松原俊,1
French Fries With Pepper,Morphine,1
Frosty the Snowman,Fiona Apple,1
Full Circle,Glorie,1
Gardenia,Nikos Ignatiadis,1
Gee,少女时代,1
Gemini（双子）,酒鬼在楼上,1
Generate Some Action,Fatback 4Way,1
Girlfriend,Avril Lavigne,1
Give Me One Reason,Lee Ritenour,1
Give Me a Sigh,Les Gillis,1
Glacier,坂本龍一,1
Glass Monster,Fourteen Nights At Sea,1
Gloria (Digitally Remastered 1996),Patti Smith,1
Go to Die,Dogma,1
Going Go,Tizzy T,1
Going Home: Theme Of The Local Hero,Mark Knopfler,1
Golden Heart,Mark Knopfler,1
Good Days,SZA,1
Goodnight girl,旅行团乐队,1
Got A Little Crush On You,Wildflowers / Emmi,1
Green (木吉他版),麦田守望者,1
Green Light,Cicada,1
Green is the Colour,Pink Floyd,1
Growing Pains,Nathan Trent,1
Guys,The 1975,1
Gymnopédie No.1:Lent et douloureux,Jean-Marc Luisada,1
HAPPY BIRTHDAY,back number,1
HAPPY NEW YEAR,小蓓蕾组合,1
"Hakuna Matata (From ""The Lion King""/Soundtrack)",Joseph Williams / Jason Weaver / Ernie Sabella / Nathan Lane,1
Hallucinogenics (feat. Lana Del Rey),Matt Maeson / Lana Del Rey,1
Halo,Beyoncé,1
Hand In Hand,Koreana,1
Happier,Ed Sheeran,1
Happy 2000,黎明,1
Happy Birthday,杏子,1
Happy Birthday To You(祝你生日快乐 DiESi Remix),DiESi,1
Hard to Sleep,Gracie Abrams,1
"Haru yo, Koi",Shinya Kiyozuka,1
Hasta la Raíz,Natalia Lafourcade,1
Have A Good Day,旅行新蜜蜂,1
Head Above Water (feat. We The Kings),Avril Lavigne / We the Kings,1
Head In The Clouds,Hayd,1
Heather,Conan Gray,1
Heavenly,Cigarettes After Sex,1
Hello Beautiful,瘦子E.SO,1
Hello My Love,Westlife,1
Hello Seattle,Owl City,1
"Hello,shooting-star",moumoon,1
Hero,Mariah Carey,1
"Hey Beautiful (From ""How I Met Your Mother""/Theme)",The Solids,1
Hit The Road Jack,Ray Charles,1
Hollywood,黑裙子,1
Home,Westlife,1
Homesick,Dua Lipa / Chris Martin,1
Hotel California,Eagles,1
How Do You Sleep?,Sam Smith,1
How Much,自然卷,1
How Much I Love You,Matt吕彦良,1
HoydeA,傻子与白痴,1
I,Athletics,1
I (feat. Verbal Jint),太妍 / Verbal Jint,1
I Don't Want To Say Goodbye,Teddy Thompson,1
I Drink Wine,Adele,1
I Dug Up A Diamond,Mark Knopfler,1
I Feel Good,James Brown,1
I Feel It Coming,The Weeknd / Daft Punk,1
I Gotta Feeling,The Black Eyed Peas,1
I Hope She Sees This,For When You Can't Breathe,1
I Love You,王若琳,1
I Make Sparks,Novo Amor,1
I Met a Comet(我遇见了彗星),莫非定律乐团,1
I Never Told You,陈冠希,1
I Remember,MOCCA,1
I Remember You,Skid Row,1
I See You,Leona Lewis,1
I Still Want Your Love (feat. Jinnie),Sam Ock / Jinnie,1
I Took A Pill In Ibiza,Mike Posner,1
I Want To Talk About You,Ryo Fukui,1
I Want to Break Free,Queen,1
I'd Rather Be with You,Joshua Radin,1
I'll Be There For You,The Rembrandts,1
I'll Make Love To You,Boyz II Men,1
I'll Never Love Again (Film Version),Lady Gaga / Bradley Cooper,1
I'm Callin',Tennis,1
I'm Gonna Be 500 Miles,The Proclaimers,1
If You Leave Me Now,方大同,1
"Ink (Live at Le Casino De Paris, Paris)",Coldplay,1
Iris,The Goo Goo Dolls,1
Is This Love,逃跑计划,1
It Never Rains In Southern California [1972],Albert Hammond,1
It's Okay Not To Be Alright,PP Krit,1
I’m Not That Girl,Cynthia Erivo,1
Je te veux,Erik Satie / France Clidat,1
Jiggle Jiggle,Duke & Jones / Louis Theroux,1
Jingle Bell Rock,Bobby Helms,1
Jocelyn Flores,XXXTENTACION,1
Joey,Concrete Blonde,1
Julia,王力宏,1
Just A Feeling,Maroon 5,1
Just Like Honey,The Jesus and Mary Chain,1
K.,Cigarettes After Sex,1
KTBS(콩떡빙수) - Cool Summer By Junjaman,AKMU,1
Kanata,MONO,1
Kanizsa Triangle,基诺,1
Katrina,陶喆,1
Kaze,Priscilla Ahn,1
Kiss me Kiss me,蜷花仕女,1
Koko,坂本龍一,1
Krafty (2015 Remaster),New Order,1
K歌之王,陈奕迅,1
LA VIE EN ROSE,小野リサ,1
LMLY,王嘉尔,1
LUCKYSTAR,幡野智宏,1
LUNCH,Billie Eilish,1
La Marseillaise,Various Artists,1
La Vie En Rose,小野リサ,1
Lady Low,Teleman,1
Lake and Ocean,The Coral Sea,1
Lakeside,动物园钉子户,1
Last Flowers,Radiohead,1
Leave,孙燕姿,1
Leave a Light On,Tom Walker,1
Leaving On A Jet Plane,Chantal Kreviazuk,1
Lebrontron,Buckethead,1
Les Misérables: Epilog,Reinhard Brussmann / Sona Macdonald / Martina Dorak / Orchester der Vereinigten Bühnen Wien / Jane Comerford,1
Let Go,Beau Young Prince,1
Let It Be,The Beatles Recovered Band,1
"Let It Go (From ""Frozen""/Soundtrack Version)",Idina Menzel,1
Let Me Be Free,Quark夸克乐队,1
Let's Fall In Love,莫文蔚,1
Let's Fall in Love for the Night,FINNEAS,1
Liability（翻自 Lorde）,邹乙,1
"Lieder ohne Worte, Op.19, MWV SD 5:No.1 In E (Andante con moto) ""Sweet Remembrance""",Daniel Barenboim,1
Life Is Beautiful,Keb' Mo',1
Life On Mars,David Bowie,1
Lighters,"Eminem / Royce Da 5'9"" / Bruno Mars",1
Like Me (feat. 袁娅维TIA RAY),马思唯 / 袁娅维TIA RAY,1
Like The World Is Ending,Richard Marx,1
Liquid Lunch,Caro Emerald,1
Little Monkey Rides on the Little Donkey,落日飞车,1
Live House,卢广仲,1
Live酒馆300秒,张悬,1
Lo Que No Me Dices,Kimberley Tell,1
Lo Que Siento,cuco,1
Lonely Christmas,陈奕迅,1
Lonely Day,旅行团乐队,1
Look On Down From The Bridge,Mazzy Star,1
Looking For America,Lana Del Rey,1
Lost at Sea,Dave Thomas Junior,1
Love In Slow Motion,Ed Sheeran,1
Love Is Love,昨夜派对（L.N Party）,1
Love Me Tender (princess Diaries 2 Ost),Norah Jones,1
Love Never Felt So Good,Michael Jackson,1
Love song (伴奏),水果星球,1
Lovesong,Adele,1
Loving Strangers,Jocelyn Pook / Russian Red,1
Lucky One,mich,1
Lying,Dan + Shay,1
MC来了,MC Hotdog,1
MELANCHOLY,White Cherry,1
MOON MUSiC,Coldplay / Jon Hopkins,1
MR. MOON,熊天平,1
Made for Mermaid,橘子海 (Orange Ocean) / The fin.,1
Main Title,Max Steiner,1
Man In The Mirror,Michael Jackson,1
Meditation de Thais,Arthur Grumiaux,1
Medley (友情歌2014 -1985) (Live),张学友,1
"Medley- A) Crow River Waltz, B)Jesu, Joy Of Man's Desiring, C) Jack Fig",Leo Kottke,1
Melody X,Bonaparte,1
Memories,Maroon 5,1
Menuet D major,Wolfgang Amadeus Mozart,1
"Merry Christmas Mr. Lawrence Main Theme (From ""Merry Christmas Mr. Lawrence"")",坂本龍一 / Brussels Philharmonic,1
Mickey,大波浪,1
Mickey Mouse Clubhouse,They Might Be Giants,1
Midnight Movies,Saint Motel,1
Midnight Train,Sam Smith,1
Midsummer Madness,88rising / Higher Brothers / Rich Brian / Joji / AUGUST 08,1
Miracles Happen,Myra,1
Missing,四分卫,1
Mojito (钢琴版) [原唱: 周杰伦],纪钧瀚 (Bryan Chi),1
Moments,Leo Stannard / Kidnap,1
Money,Cardi B,1
Money (That's What I Want) (Remastered),The Beatles,1
Money Fxxker,后海大鲨鱼,1
Monica(Live),张国荣,1
Monkey Snake,鸟撞 Birdstriking,1
Mood,24kGoldn / iann dior,1
Moon,Hucci,1
Moonlight Shadow,Dana Winner,1
Mr. Blue Sky,Electric Light Orchestra,1
My Anata,陶喆,1
My Anata (Live),陶喆,1
My City 南京,Jony J,1
My Dear Weirdo,昨夜派对（L.N Party）,1
My Favorite Things,Carrie Underwood,1
My Life Will,张悬,1
My Lily,何大河,1
My My Love,Joshua Radin,1
My way,彭坦,1
"Mystery of Love / Visions of Gideon (From ""Call Me by Your Name"")",Moisés Nieto,1
NARUTO Main Theme,六三四,1
New Light,John Mayer,1
Nice to Meet You,AMnesiac安尼西亚,1
Night Time,The fin.,1
Night in Shanghai,曹思义,1
Nightlight,Finding Hope,1
No Fear In My Heart (安可Live),朴树,1
No Fear in My Heart,朴树,1
No Such Disease,大波浪,1
"Nocturne No. 2 in E Flat Major, Op. 9, No. 2",Arthur Rubinstein,1
Nothing Gonna Stop Us Now,Latin Dance Band,1
Nothing New (feat. Phoebe Bridgers) (Taylor's Version) (From The Vault),Taylor Swift / Phoebe Bridgers,1
Nothings Gonna Stop Us Now,Starship,1
Nowhere Man,The Beatles,1
O (Part 2/Reprise),Coldplay,1
"Ob-La-Di, Ob-La-Da (Remastered)",The Beatles,1
Oceans,Coldplay,1
"Oh No, Oh Yes!",竹内まりや,1
Old Time Rock And Roll,Status Quo,1
Ole Ole Ole,The Fans,1
On Ice,Michael Nau,1
On the Road,鹿京周,1
One And Only,Adele,1
One Night In 北京,信乐团,1
Only Time,Enya,1
Ophelia,魏如萱,1
Opus,坂本龍一,1
Orange Moon,方大同,1
"Orchestral Suite No.3 in D major, BWV 1068: I.Air",Herbert von Karajan / Berliner Philharmoniker,1
Ordinary World,Green Day,1
Out Like a Light,The Honeysticks,1
Out Of Time,Joyside,1
Out of control,Peace Hotel(和平饭店),1
Outro,M83,1
"Overture (Suite) No. 3 in D Major, BWV 1068: II. Air, ""Air on G String"" (arr. for violin and orchestra)",西崎崇子 / Capella Istropolitana / Oliver Dohnányi,1
P.S. I Love You (2019),Supper Moment,1
PILLOWTALK,ZAYN,1
Papa Was a Rodeo,Sara Lov,1
Paradise...How Far?,椅子乐团 The Chairs,1
Paris,The 1975,1
Peaches,Justin Bieber / Daniel Caesar / Giveon,1
Penguin,Christina Perri,1
Penguin's Game (English Version),Gelato,1
Perfect (翻自 Ed Sheeran),丁芙妮,1
Perfect Duet,Zuzana Pelikánová,1
Perspective,坂本龍一,1
"Piano Sonata No.14 in C minor, K.457:2. Adagio",内田光子,1
Pigs In The River,重塑雕像的权利,1
Pillow (枕头),早安 / Lambert,1
Pillow Talk,Jeff Bernat,1
Pink Moon！,愚月FoolMoon,1
Planet Rock,The Soul Sonic Force / Afrika Bambaataa,1
Play我呸 (Play World Tour Live),蔡依林,1
Pornographer (main theme),小山絵里奈,1
Post Break-Up Sex,The Vaccines,1
Prayer for the Paranoid,Mojave 3,1
"Prelude in D-Flat Major, Op. 28, No. 15 ""Raindrop""",Arthur Rubinstein,1
Prettiest Friend (Demo),Jason Mraz,1
Prologue,John Williams,1
Prélude N° 1 en Do majeur BWV 846,朱晓玫,1
Pump It,Black Eyed Peas,1
ROCKLIFE,达达乐队,1
Rain In Forest,Sounds Of Nature,1
Rain On Me,Lady Gaga / Ariana Grande,1
Rain Watcher,惘闻,1
Rainbow Chaser,中川イサト,1
Rainy Day,Stephan Kreussel,1
Reason,群星,1
Red,王嘉尔 / ICE,1
Remember The Time,Michael Jackson,1
Rhythm of the Rain,The Cascades,1
Right Here Waiting,Richard Marx,1
Romeo's Tune,Pajaro Sunrise,1
Runaway,陶喆,1
Runaway Baby,Bruno Mars,1
Rêverie L. 68,Zoltán Kocsis,1
Sally Garden,David Davidson,1
San Francisco,The Mowgli's,1
"Sancho, Quijote",Grupo Musical Ginesitos,1
Santa Baby,Ariana Grande / Elizabeth Gillies,1
Say It!,Roi Müzik,1
Say You Say Me,Lionel Richie,1
Secret lover,大波浪,1
Secrets,OneRepublic,1
See You Again,Wiz Khalifa / Charlie Puth,1
Self Care Freestyle ft.谢帝,艾志恒Asen / 谢帝,1
Seven Veils,Adam Hurst,1
Sex Drugs Internet,新裤子,1
Shame,Ciaran Lavery,1
Shape Of My Heart,Sting,1
Shape of My Heart,Backstreet Boys,1
Shape of You,Ed Sheeran,1
She,Elvis Costello,1
Shine,逃跑计划,1
Shining Boy & Little Randy,坂本龍一,1
Shining Die,二向箔,1
Shivers (feat. Jessi & SUNMI),Ed Sheeran / Jessi / 宣美,1
Sick Love,水仙LONE,1
Silence,Movediz,1
Silent Day,便利商店,1
Singalongsong,方大同,1
Singin' In The Rain,Gene Kelly,1
Skaters' Waltz,André Rieu,1
Sleeping Dogs,Sister Castle Theater,1
Sleepless.,愚月FoolMoon / 执纸大魔王,1
Slow Down,椅子乐团 The Chairs,1
Smooth Move,Cory Wong,1
Snow White,Maximilian Hecker,1
Snow on the Lower East Side,Monarch Trio,1
Snowman,Harryan Yoonsoan,1
Snowy Secret（冬眠）,萨吉,1
So Far From The Clyde,Mark Knopfler,1
So You Want To Be A Rock 'N' Roll Star (Mono Version),The Byrds,1
Sound For Celebration,重塑雕像的权利,1
South Commons,Casino Demon,1
Sparrows,Zenful Whispers,1
SpongeBob SquarePants Theme Song,SpongeBob Squarepants,1
Stand Your Ground,Joshua Hyslop,1
Star Treatment,Arctic Monkeys,1
Starboy,The Weeknd / Daft Punk,1
Starry Starry Night,Lianne La Havas,1
Stay,Hazy Nights,1
Stay With Me《孤单又灿烂的神-鬼怪》OST（翻自 PUNCH/朴灿烈.）,D.Mao,1
Stay-牡蛎之歌,张悬,1
Stinky Tofu,傻子与白痴,1
Strangers,The Kinks,1
Stupid Love,Dan + Shay,1
"Suite No.3 in D, BWV 1068:2. Air",Academy of St. Martin in the Fields / Thurston Dart / Sir Neville Marriner,1
Sultans of Swing,Mark Knopfler,1
Summer Holiday,旅行团乐队,1
Summer Of Love,王菲,1
Summertime,My Chemical Romance,1
Sunday Trip,拖特巴士,1
Sunset Lyric Poetry,白日密语,1
Sunsetz,Cigarettes After Sex,1
Super Star(Live),S.H.E,1
Sweet,Cigarettes After Sex,1
Sweet Baby,潮池蓝,1
Sweet Child O' Mine,Guns N' Roses,1
"Sweet Dreams, TN",The Last Shadow Puppets,1
TIME,小青龙,1
TITANIC (feat. Rich Brian),王嘉尔 / Rich Brian,1
Take Me Home Country Roads,John Denver,1
Talking Body,Tove Lo,1
Tears,Clean Bandit / Louisa Johnson,1
Tell Me If You Wanna Go Home,Keira Knightley / Hailee Steinfeld,1
The Adults Are Talking,The Strokes,1
The Birthday Song,Josh Stewart,1
The Blower's Daughter,Damien Rice,1
The Dark Side of the Moon,Pink Floyd,1
The End Of The World,John Mellencamp,1
The End of the World,Sharon Van Etten,1
The Great Salt Lake,Band of Horses,1
The Hills,The Weeknd,1
The Hype (Berlin),twenty one pilots,1
The Kids from Yesterday,My Chemical Romance,1
The Last Goodbye,The Kills,1
The Moment,孙燕姿,1
The Most Beautiful Thing,Bruno Major,1
The Rose,藤田恵美,1
The Sound Of Silence,Simon & Garfunkel,1
The Summer Ends,American Football,1
The Sun Also Rises,久石譲,1
They Don't Care About Us,Michael Jackson,1
Thinking Out Loud,Ed Sheeran,1
Third Party,木玛&Third Party / Muma木马,1
This Is My Year,Woodes,1
This Is the Day,The The,1
Thriller,Michael Jackson,1
Time,Pink Floyd,1
Time Traveling,Anthony Lazaro / Sarah Kang,1
Time after time〜花舞う街で〜,倉木麻衣,1
Time to Say Goodbye (Con te partirò),Sarah Brightman / Andrea Bocelli,1
To Love You More,Lucia Micarelli,1
Tom And Jerry,Bradley,1
Tomorrow,Avril Lavigne,1
Tonight We'll Be Fine,椅子乐团 The Chairs,1
Top Of The World,Carpenters,1
Total Eclipse of the Heart,Westlife,1
Touch My Bass,Jam in Shy 卷米烧,1
Touch My Soul,Jam in Shy 卷米烧,1
Treasure,Bruno Mars,1
True Love,虞书欣,1
Try,Colbie Caillat,1
Two Days,黑裙子,1
U (Chinese Version),Super Junior,1
UNTOLD ANSWER,Vichaya Vatanasapt,1
Un Zombie A La Intemperie,Alejandro Sanz / Luis Enrique,1
Un' Estate Italiana,Giorgio Moroder,1
Unchained Melody,The Righteous Brothers,1
Under the Sea,Samuel E. Wright,1
Underneath The Stars,The Cure,1
Until I Found You,Stephen Sanchez,1
Until I Found You (Piano Version),Stephen Sanchez,1
Up&Up,Coldplay,1
Uptown Funk,Mark Ronson / Bruno Mars,1
Us and Them,Derek Pope,1
VIEW OF SILENCE,久石譲,1
Valentine,Laufey,1
Vanishing Act,Lou Reed,1
Very Early One Morning On Old Road,Dakota Suite,1
Vincent,Don McLean,1
Viva La Vida,Coldplay,1
"Voices of Spring, Op.410 (Frühlingsstimmen) - vocal version",Kathleen Battle / Wiener Philharmoniker / Herbert von Karajan,1
Waka Waka (This Time for Africa),Shakira / Freshlyground,1
Wake Me,Bleachers,1
Wake Me up When September Ends,Green Day,1
"WandaVision (From ""WandaVision"")",Geek Music,1
Wassuh,AQVOL,1
Waterloo,Matt吕彦良,1
We Are The World,U.S.A. for Africa,1
We We,M.D.,1
Welcome Home,Radical Face,1
Welcome To New York,Taylor Swift,1
Welcome to My Head (Intro),WUYO,1
Wet The Bed,Chris Brown / Ludacris,1
What If I Leave,Rachael Yamagata,1
What It Is,Dire Straits,1
When You Believe,Whitney Houston / Mariah Carey,1
Where Did U Go,G.E.M.邓紫棋,1
Wherever I Go,Mark Knopfler / Ruth Moody,1
Who Do You Love,The Chainsmokers / 5 Seconds of Summer,1
Wildest Dreams,Taylor Swift,1
Winter Things,Ariana Grande,1
Wish You Were Here,Pink Floyd,1
With a Little Luck,岩崎太整,1
Without You (Raspo Remix),Raspo / Avicii / Sandro Cavazza,1
Wonderful tonight,方大同,1
Workingman's Blues #2,Bob Dylan,1
Yesterday,朴慧京,1
Yesterday (Remastered),The Beatles,1
Ylang Ylang,FKJ,1
You (Acoustic),Dan + Shay,1
You Are My Everything (Ost.รักฉุดใจนายฉุกเฉิน),Billkin,1
You Are My Sunshine (Version 1),Elizabeth Mitchell,1
You Are Not Alone,Michael Jackson,1
You Can Listen You Can Talk,Carsick Cars,1
You Don't Trust Me At All,范晓萱,1
You Give Love a Bad Name,Bon Jovi,1
You Lost Me,Tiny Moving Parts,1
You Open My Mind,Vancouver Sleep Clinic,1
You Raise Me Up,Westlife,1
You are so great,蛙池,1
You'll See,Tizzy Bac,1
You're Beautiful,James Blunt,1
"You're On Your Own, Kid",Taylor Swift,1
action!,坂本真綾,1
and my life turned around,olli,1
bliss,iogi,1
carpool,Zachary Knowles,1
doodoodoo,林家谦,1
eTunnel,Primary / 吴赫 / GAEKO,1
frozen heart.,8bite / Dyrox,1
fullmoon (S U R V I V E Version),坂本龍一 / S U R V I V E,1
hApPy BiRtHdaY,劣 / 阿岛先生,1
heartless,艾瑞欧ERIOE / WR/OC,1
hopi,羊文学,1
"hora,初夏",陈越龙,1
in love,vietra,1
it's ok!,corook,1
ki,hideyuki hashimoto,1
la vie en rose,mxmtoon,1
lovely,Billie Eilish / Khalid,1
not alone,sadeyes / Lil Xtra,1
perfume,mehro,1
red lips,沙一汀EL,1
shut up and listen,汉堡黄,1
the cure,Olivia Rodrigo,1
this is how you fall in love,Jeremy Zucker / Chelsea Cutler,1
turn over?,Mr.Children,1
walker,坂本龍一,1
we just call it love,肆囍乐队,1
we met; weak men dog,The Weak Men,1
you are my sunshine,Christina Perri,1
þÚ Ert Sólin,Ólafur Arnalds,1
Опера 2 Прелюдия,Vitas,1
"Отойди, Отойди, Грусть Печаль…",Oleg Pogudin,1
Танцевать,Molchat Doma,1
กีดกัน (Skyline) (Ost. แปลรักฉันด้วยใจเธอ),Billkin,1
เชื่อว่ารักแท้มีจริง,Gunachi Achirawich,1
เพราะใจ,Jeab Wattana,1
“王子呀…”,何崇志,1
◍•ᴗ•◍,小好Lil Good,1
。,散人,1
《巴啦啦小魔仙星缘奇迹》片头曲,巴啦啦小魔仙,1
《海绵宝宝》主题曲,海绵宝宝,1
《绿帽子》回到新学校,新学校废物合唱团 / 刘凹,1
「 沒 有 感 同 身 受 」,Slitmy7 / Natsu.,1
いつも雨,never young beach,1
きみにとどけ,タニザワトモフミ,1
さよなら夏の日,山下達郎,1
となりのトトロ,井上あずみ,1
とんちんかんちん 一休さん (聪明的一休),群星,1
ひまわりの約束,秦基博,1
ふたたびの、雨,RADWIMPS,1
また君と,JAY'ED / Ms.OOJA,1
まちがいさがし,菅田将暉,1
まともがわからない,坂本慎太郎,1
やさしいままで,never young beach,1
アイキャッチ,根岸貴幸,1
イエロー・マジック(东风),イエロー・マジック・オーケストラ,1
オリビアを聴きながら,杏里,1
カンパイ・ソング,嵐,1
キミがいる (在你身边),Galla,1
グライダー,玉置浩二,1
サブタイトル,根岸貴幸,1
ステッセルのピアノ,小松原俊,1
ツバメの季節に,坂本慎太郎,1
ドラえもんのうた(大杉久美子版／TVサイズ),大杉久美子,1
ドリームボートが出る夜に,菊池桃子,1
ビンクスの酒 (BONUS TRACK),田中真弓 / 中井和哉 / 岡村明美 / 山口勝平 / 平田広明 / 大谷育江 /  山口由里子 / 矢尾一樹 / 长岛雄一,1
ブルーバード,いきものがかり,1
ミック・ジャガーに微笑みを,中森明菜,1
ミライのテーマ,山下達郎,1
ヤキモチ,高橋優,1
ラブ・ストーリーは突然に,小田和正,1
リブート,miwa,1
一 一,Aliosha,1
一个人,杨乃文 / 伍佰,1
一个人想着一个人,曾沛慈,1
一个人的冬天,陈楚生,1
一个人的精彩,萧亚轩,1
一个人的行李,戴佩妮,1
一个人看电影,小熊饼干,1
一个人看电影(Acoustic),小熊饼干,1
一个人跳舞,歪歪歪,1
一个像夏天一个像秋天,范玮琪,1
一个理想主义者的独白,刘东明,1
一个西藏,六个国王,1
一九九九,戴佩妮,1
一些感觉,张学友,1
一人分饰两角,王菲,1
一代,功夫胖KungFuPen,1
一体,鸟撞 Birdstriking,1
一千年以后,林俊杰,1
一口一口,莫文蔚,1
一场游戏一场梦,王杰,1
一天到晚游泳的鱼,张雨生,1
一家去旅行 (野餐烧烤BGM),店铺背景音乐,1
一往情深的恋人,李健,1
一放工菊花都放松,新青年理发厅,1
一方天地,张本煜,1
一时的选择,林俊杰,1
一杯咖啡到天亮,王筝,1
一样的月光,徐佳莹,1
一样的月光 (Live),徐佳莹,1
一步之遥 Por Una Cabeza（《闻香识女人》插曲）,CelloNaduo,1
一生中最爱,谭咏麟,1
一生何求,陈百强,1
一生爱你千百回,梅艳芳,1
一生能爱几个人,新学校废物合唱团,1
一笑倾城,汪苏泷,1
一笑而过,那英,1
一般的生活,Schoolgirl byebye,1
一起 好吗,反光镜,1
一起去旅行,魏如萱,1
七扎,万晓利,1
七月的尾巴,杳杲乐队 / 阿甯 / 吆拐,1
七色光之歌,群星,1
万万,赵英俊,1
万万没想到,叫兽易小星 / 白客,1
万事如意,张也,1
万家灯火,苏紫旭&The Paramecia,1
万水千山总是情,汪明荃,1
万物生 (Chinese Version),萨顶顶,1
上上签,周华健,1
上学威龙,法老,1
上帝保佑,窦唯,1
上海巴子,顶楼的马戏团,1
上海物语,不优雅（biuya）,1
上班尚怨,宝島材料行,1
下一次爱情来的时候,蔡健雅,1
下一站天后,Twins,1
下个星期去英国,陈绮贞,1
下班快乐,上海彩虹室内合唱团,1
下过雨的营地出太阳了,Cicada,1
下雨回家唱歌,七八点,1
下雨天 (Cover.南拳妈妈),hestheone,1
下雨天 (Live),黄丽玲,1
下雨天我好想你,梭哈乐队(ShowHand),1
不会说谎的眼睛 (Feat. DP龙猪),马思唯 / DP龙猪,1
不再为你,理想后花园,1
不分手的恋爱,汪苏泷,1
不只是南方,腰乐队,1
不和你说话,斯斯与帆,1
不多（翻自逼哥）,给我一杯卡布奇诺,1
不如跳舞,陈慧琳,1
不小心爱上你 ft. 魏如萱 waa wei,甜約翰 Sweet John / 魏如萱,1
不想,戴佩妮,1
不是人人都能穿十号球衣,Chinese Football,1
不是真的爱我,孙燕姿,1
不潮不用花钱,林俊杰 / By2,1
不爱说话的人Ⅱ,麻园诗人,1
不用去猜 (Jazz Version),Jony J,1
不老的传说,张学友,1
不要变,任贤齐,1
不要害怕,王力宏,1
不要等我回来,靳松,1
不要说话,陈奕迅,1
不见不散,孙楠,1
与世界温暖相拥,盘尼西林,1
与你分享我的眼睛,法兹乐队 FAZI,1
与你常在,陈奕迅 / eason and the duo band,1
与海无关,告五人,1
且听风吟,朴树,1
世上只有妈妈好,贝乐虎儿歌,1
世上最美的旋律,大张伟,1
世先生,彭坦,1
世界上不存在的歌 (2020重唱版),陈奕迅,1
世界上的另一个我,阿肆 / 郭采洁,1
世界之最(我愿意),郑秀文,1
世间始终你好,罗文 / 甄妮,1
东北人都是活雷锋,雪村,1
东北民谣,毛不易,1
丢掉了（Bye Bye）,白百EndlessWhite,1
两个,陈壹千,1
两千万分之一,声音碎片乐队,1
两只老虎,宝宝巴士,1
两难,戴佩妮,1
中华人民共和国国歌(义勇军进行曲),音乐舞蹈史诗《东方红》合唱队,1
中意他,梁咏琪,1
临暗,生祥与瓦窑坑3,1
丹歌惊鸿（动画《一人之下2》片尾曲王也角色歌）,坡上村,1
为什么,马思唯,1
为你写的歌,方大同,1
为你写诗,汪苏泷 / 周洁琼,1
为你写诗（女声吉他弹唱）,李瑨瑶,1
为你痴狂,Gambler,1
为你而活,神木与瞳,1
为爱说抱歉,孙楠,1
主角,王菲,1
久别的人,白雪,1
之乎者也 (Live版),罗大佑,1
乌兰巴托的夜,安来宁,1
乌兰巴托的夜 (Live),谭维维,1
乌鸦,许嵩,1
乏善可陈,deca joins,1
乐园(粤),与非门,1
九七年一月流浪在世界尽头,UmzBeatz,1
九份的咖啡店,陈绮贞,1
九月(海子),周云蓬,1
九月清晨,许嵩,1
也罢,鲁向卉,1
习惯晚睡,李荣浩,1
乡愁四韵,罗大佑,1
乡间的小路,张明敏,1
买,自然卷,1
买房子,周云蓬,1
予你,队长,1
争鸣,沼泽,1
二〇一六六月二十四绝笔,珍妮金桔,1
二十,帆布小镇,1
二十一世纪，当我们还年轻时,刺猬,1
二零三,毛不易,1
于心有愧,陈奕迅,1
于是,何欣穗,1
云野,好妹妹,1
五分儿,达达乐队,1
五号公车风琴诵,王双骏,1
五月の村,久石譲,1
五月雨,高梨康治,1
亚麻质地的少女,温格华生,1
交响梦,苏打绿,1
交织千个心,Beyond,1
京东街头的雾,阴天,1
亲一口月亮，然后就睡觉,PIggy,1
亲爱的你啊,任素汐,1
亲爱的再见,戴佩妮,1
亲爱的小孩,苏芮,1
亲爱的自己 (Gill Chang Remix),Hello Nico,1
亲爱的，这次日落,帆布小镇（Canvas Townlet）,1
人世间,雷佳,1
人来疯（LIVE版）,艾热 AIR / 王以太 / 杨和苏KeyNG / 早安,1
人洞山,草东没有派对,1
人生何处不相逢,陈慧娴,1
人生很難,郑宜农,1
人间指南,陈婧霏,1
人间烟火,陈硕子,1
什么跟什么有什么关系,魏如萱 / 许光汉,1
什么都不必说,大张伟,1
什么都舍得,戴佩妮,1
今夜,布衣乐队,1
今夜このまま,あいみょん,1
今夜はハーティー・パーティー,竹内まりや,1
今夜你会不会来(国),黎明,1
今夜无法入眠,帆布小镇（Canvas Townlet）,1
今夜的滋味,朴树,1
今夜还吹着风,腰乐队,1
今天不想回家（B Version）,康姆士COM'Z,1
今天也想见到你,焦迈奇,1
今天你要嫁给我,陶喆 / 蔡依林,1
今天只做一件事,陈奕迅,1
今天我疯了,西安老钱,1
今天是星期几,房东的猫,1
今天没回家,陶喆,1
今宵多珍重,王若琳,1
今晚的月亮,崔开潮,1
今晚约会吧,SORROW,1
今生共相伴,谢霆锋,1
从出生到现在,海朋森,1
从前慢 (吉他弹唱),洪尘,1
从前有座山,邬先生乐队,1
从夜晚，到清晨,贰佰,1
从头再来,崔健,1
仓颉,五月天,1
他,打扰一下乐团,1
他一定很爱你,阿杜,1
他不爱我,莫文蔚,1
他在乎（我去世了，然后...）,Spylent,1
他夏了夏天,苏打绿,1
他真的在哭泣,木玛&Third Party / Muma木马,1
仙人指路(吉他版),歌之初乐队,1
仙人掌,蔡宇宁,1
仙情爱问,刺猬,1
以后别做朋友,周兴哲,1
以渺小之名,夏日入侵企画,1
价值,齐秦,1
仿佛昨天,张杰,1
伊甸园,P.K.14,1
优美的低于生活,声音碎片乐队,1
会呼吸的痛,林宝馨,1
伦敦,小猪佩奇,1
似是故人来(Live),梅艳芳,1
似曾相识,陶喆,1
何らの苦しみにもあわずして、何人をも幸福とは『呼』ぶなかれ.,té,1
佛说圣佛母般若波罗蜜多心经,王菲,1
你,王菲,1
你 (Live),屠洪刚,1
你 (Unplugged) (live),王菲,1
你(吉他甜蜜版),林依晨,1
你不是真正的快乐,五月天,1
你会成为你想的那个人（翻自 梁博）,金叙宏,1
你值得更好的,张杰,1
你像个孩子,李宗盛,1
你可别卷了,SipSu小口酥 / 灯灯灯泡 / 迟亦骁,1
你啊你啊,魏如萱,1
你嗰边几点 what time is it in your area,royster lee,1
你在他乡还好吗,光头李进,1
你在何地(Live),张国荣,1
你在夏天的微风中举起手,帆布小镇（Canvas Townlet）,1
你大可不必假装快乐,黑屋乐队,1
你好,康士坦的变化球,1
你好吗,光良,1
你少在那边,旺福,1
你必须在一个荒唐的夜，骑着摩托穿过下雨的街,风子,1
你快回来,孙楠,1
你我经历的一刻,王菲,1
你把我灌醉,黄大炜,1
你是我的眼,萧煌奇,1
你是无可替代 (Live),声音玩具 / 魏如萱,1
你比从前快乐,周杰伦,1
你永远是我的宝贝，宝贝,康姆士COM'Z,1
你没有名字,旅行团,1
你爱我,伍佰 & China Blue,1
你爱我吗,侯湘婷,1
你的一生我只借一晚,吴遥,1
你的天空,那奇沃夫 / 阿达娃,1
你的影子,风子,1
你的微笑,F.I.R.,1
你的晚安是想让我闭嘴吧,焦迈奇,1
你的爱情 (Live),逃跑计划,1
你的眼睛,熊天平 / 许茹芸,1
你知道我在等你吗,迪克牛仔,1
你知道我爱你,黄磊,1
你离开了我的夏天,李昊,1
你给我听好,陈奕迅,1
你被我浪漫,白百EndlessWhite,1
你要如何，我们就如何,康姆士COM'Z,1
你要跳舞吗,新裤子,1
你说一切都会好的,帆布小镇（Canvas Townlet）,1
你说的,张学友,1
你还怕大雨吗,周柏豪,1
你还记得那个电影演员吗？,新裤子,1
你那里是什么天气？,LÜCY,1
佩奇的夏天2021,阁楼演奏班,1
來跟我跳舞2019,康姆士COM'Z,1
依,谷柏杉,1
依兰爱情故事,方磊,1
侠客行,虞霞 / 李小龙,1
便利店女孩,悶餅MOONBAND,1
係咁先啦 (feat. Kayan9896),MC $oho & KidNey / Kayan9896,1
保卫黄河,中国人民解放军合唱团,1
信心花舍,陈奕迅,1
俩俩相忘,辛晓琪,1
俾面派对,Beyond,1
借我,谢春花,1
倩女幽魂,张国荣,1
值多少,火星电台,1
假如,信乐团,1
假如我是真的,王菲,1
做事人,美秀集团,1
偶然间,张军,1
偶遇,周迅,1
偷情的礼仪,谢安琪,1
傍晚,刘若英,1
催眠,王菲,1
傲寒 (Live),宫阁 / 音乐好朋友,1
傷,岩井俊二,1
傻哥歌,熊天平,1
傻子才悲伤,朴树,1
傻情人,伍佰 & China Blue,1
傻瓜-刘波,刘波,1
傻鸟,岛屿心情,1
像风一样吹来,不可撤销,1
像鱼,王贰浪,1
儿时（刘昊霖原版）,刘昊霖,1
允许部分艺术家先富起来,二手玫瑰,1
兄妹,陈奕迅,1
兄弟,任贤齐,1
光るなら,Goose house,1
光合作用,晨曦光廊,1
光辉岁月,Beyond,1
光辉岁月 (粤语),Beyond,1
光阴的故事,罗大佑,1
兔儿乖,达闻西乐队,1
兔子先生,萧忆情Alex / 满汉全席,1
兔子说,丁丁RaJor,1
兔子跑吧,七八点,1
兜圈（粤语版）,Pakway,1
入海,毛不易,1
入阵曲,五月天,1
全世界谁倾听你,林宥嘉,1
八月午后,好妹妹,1
公主病,周杰伦,1
公转自转,王力宏,1
六个猪头 (粤),群星,1
六年魔幻,Mc小千,1
六月的某一个早晨,理想后花园,1
六月的雨,余佳运,1
关于你的心事,刘梓炎,1
关于夜晚和失眠的世界(album version),新裤子,1
关于未来 我不知道,岛屿心情,1
关于爱的定义,方大同,1
关于现在关于未来,老狼,1
关于贾宏声,Aliosha,1
再一起,余佳运,1
再度重相逢,伍佰 & China Blue,1
再次来临 (2020年版),谢天笑,1
再美的旋律不过是撩拨你的借口,咖喱3000,1
再见二丁目,杨千嬅,1
再见悲哀,林忆莲,1
再见文汇路,安来宁,1
再见理想,Beyond,1
再见萤火虫,王菲,1
再见迷海,唯利玉碎计划,1
再见青春 (Live),张韶涵,1
再见！马克西姆,大波浪,1
再见，所有时间,白日密语,1
再飞行,逃跑计划,1
冤气,陈奕迅,1
冬,好妹妹,1
冬天的秘密,周传雄,1
冬天里的一把火,费翔,1
冬季到台北来看雨,孟庭苇,1
冬日 三九,驹小驹,1
冬春说,不可撤销,1
冬至,七八点,1
冰力十足,任贤齐,1
冰柜,许嵩 / 黄龄,1
冲出你的窗口,朴树,1
决定性瞬间,愚月FoolMoon / 椅子乐团 The Chairs,1
冷战,王菲,1
冷雨,莫文蔚,1
冻结,林俊杰,1
冼星海：黄河大合唱,中国国家交响乐团,1
凌波,达达乐队,1
凡人歌,李宗盛,1
凤凰花开的路口,林志炫,1
出城,赵俊杰,1
出海,海底时光机,1
出走,Diels-Alder,1
出门,尹吾,1
刀剑如梦,周华健,1
分不开的两个人,品冠,1
分他一些快乐,邵帅,1
分分钟需要你(Live),卢冠廷 / 林子祥,1
初夏的风,Hea2t,1
初恋的地方,王菲,1
初恋的故事,王峥嵘,1
初遇,黄霑,1
初雪 (Live),EXO-M,1
别再想见我,许光汉,1
别再问我什么是迪斯科,张蔷,1
别哭，我最爱的人(Live),郑智化,1
别怕我伤心,张信哲,1
别惹我,五月天,1
别杀我,卢广仲,1
别来无恙 Nice to Meet you Too,AMnesiac安尼西亚,1
刻在我心底的名字 (Cover),魏如萱,1
剪爱 (Live),黄绮珊,1
加速度,瞿颖,1
动画城,苟瀚中,1
动起來,郭富城,1
动起来,郭富城,1
努力工作吧,YoungHo赛文,1
勿忘我,陶喆,1
包青天,胡瓜,1
匆匆,赵俊杰,1
北京欢迎你,谭晶,1
北国,燕池,1
北大荒,安来宁,1
北方女王,尧十三,1
北极星的眼泪,张栋梁,1
北海,永动机,1
北海道恋人,裘德,1
北西南风,罗大佑,1
十七岁的夏天,钟易轩,1
十七岁的雨季,林志颖,1
十万毫升泪水,蔡健雅,1
十九岁,赵雷,1
十八,Beyond,1
十字路口,Beyond,1
十年,陈奕迅,1
十年 Feature(Feat. SoftLipa.Jnco),AP满人 / Jnco / 蛋堡,1
十点半的地铁 (live),李健,1
千年等一回,高胜美,1
千里江山,晓月老板,1
午夜歌手,低苦艾,1
午夜说再见 (Live),达达乐队,1
半句再见,孙燕姿,1
半笙,大冰小助手,1
单人旅途,许嵩,1
单恋,光良,1
单身情歌,林志炫,1
单车 (Live),林子祥 / Mike 曾比特,1
单车(Live),陈奕迅,1
单车少女,张学友,1
单车岁月et冒险小子(Mix),水木年华,1
卖拐,赵本山 / 范伟 / 高秀敏,1
卖花的人,魏如萱 / 鲜于贞娥,1
南 海 花 痴（PLUS版）,UmzBeatz,1
南屏晚钟 (Live),易烊千玺,1
南部小城,酒窝,1
南门路上 (Live Session),薛诒丹,1
博卡拉,痛仰乐队,1
卡农 (十孔口琴版),晓月老板,1
卡农（经典钢琴版）,dylanf,1
卧室,deca joins,1
印 (live版),好妹妹,1
历历万乡,陈粒,1
原来那天的阳光,好妹妹,1
原点,孙燕姿 / 蔡健雅,1
原谅我无法回复你姑娘,低苦艾,1
厦门,法兹乐队 FAZI,1
去时风,聲無哀樂,1
去看星星好不好,陈翌朦,1
去见你,徐秉龙,1
又唱江南,宋祖英,1
又是一天 (ft. Chinese Football),Shanghai Qiutian,1
友情岁月,郑伊健,1
双城故事,莫文蔚,1
双子座,青年小伙子,1
双手插口袋,张震岳,1
双门洞（Harmonica）,晓月老板,1
只对你有感觉,林俊杰,1
只得一生,罗大佑,1
只想请你看着我,呼吸,1
只是有人留在了昨天,供销社乐队,1
只是朋友,张震岳,1
只是这人生,许美静,1
只有你陪我一起唱歌,老狼,1
只爱一点点,石珍 / 任东,1
只身,焦迈奇,1
可一可再,陈奕迅 / eason and the duo band,1
可惜不可以,蔡旻佑,1
可惜没如果,林俊杰,1
可爱的一朵玫瑰花,WeirdoRoom 怪人房间,1
可能否,腾格尔,1
叱咤红人 (live),回春丹,1
叶子（翻自 阿桑）,臧臧,1
吉他手,陈绮贞,1
吉祥如意,凤凰传奇,1
吉米 来吧 (Live),低才生,1
同一首歌,毛阿敏,1
同桌的你,胡夏,1
后来,刘若英,1
后马厂,孤独的利里（Lonely Leary）,1
向前冲,徐怀钰,1
向告别飞驰吧,昨夜派对（L.N Party）,1
向天再借五百年,韩磊,1
向左走 向右走,梁咏琪,1
向我开炮,花儿乐队,1
向日葵,Sekai no Owari,1
向橘红色的天空叫喊,顶楼的马戏团,1
君が好きだと叫びたい（好想大声说爱你）TV动画《灌篮高手》OP1,LordHeeDictator,1
君が生まれた日,moose,1
君をさがしている (朝が来るまで),佐野元春,1
吞吐 (Puff),八仙饭店 (8 Immortals Restaurant),1
听见有人叫你宝贝,李宗盛,1
吸你,蓝奕邦,1
吾空唐人初阶,王双骏,1
告别我的恋人们,古巨基,1
告别的年代,罗大佑,1
告白,RADWIMPS,1
告白♡,传琦SAMA,1
告诉我,陈绮贞,1
告诉我他们都在本来的什么地方,当代电影大师,1
呓语,毛不易,1
周末下雨(Demo),熊天平,1
周波数,Sekai no Owari,1
呼吸我呼吸的 (Live),Kirsty刘瑾睿,1
呼吸有害,莫文蔚,1
呼和浩特 我只欠你一首歌,张涵,1
命运还是巧合,谢天笑,1
和你,余佳运,1
和你在一起（翻自 BB）,谣子 / 朱格乐,1
和你在一起（翻自 逼哥）,耿十三,1
和大伙儿去乘凉,张楚,1
和平,孙燕姿,1
和平与爱,Beyond,1
咖啡,张学友,1
咱们屯里人(粤语版),罗凯楠,1
咻蹦蹦,旺福,1
哈哈哈,孟慧圆,1
哈喽 哈喽,丢火车,1
哦， 及时行乐（合唱版）,万晓利 / 万畅,1
哪一位上帝会原谅我们呢,张玮玮,1
哪儿,王菲,1
哪呢,窦唯,1
哪怕路远,黑撒,1
哪里是你的拥抱,逃跑计划,1
哪里都是你,队长,1
哭不出来(Live),张惠妹,1
哭啊，让离开的人再回来,理想后花园,1
唯独你是不可取替 (Live),郑秀文,1
喜剧之王,李荣浩,1
喜剧之王经典台词&插曲,Jerry's Mirror,1
喜悦,许巍,1
喜欢你没道理,张韶涵,1
喜欢你现在的样子,黄韵玲,1
喜欢寂寞,苏打绿,1
喜鹊,鸟撞 Birdstriking,1
喝不完的酒,吴宁越,1
嘮叨,康士坦的变化球,1
嘿!姑娘,反光镜,1
嘿！今后的日子也要加油啊,谷蓝帝 / 共青团中央,1
嘿，请你爱我吧,霓虹花园 / 汉堡黄,1
噢 乖 (Live),窦唯,1
噢！乖,窦唯,1
噩梦,Tizzy T,1
嚎叫,反光镜,1
囍帖街(Live),陈奕迅,1
四人游,方大同 / 薛凯琪,1
四季,许巍,1
四月物语,Chinese Football,1
回到,蛋堡,1
回到1999,棱镜,1
回到未来,Tizzy T / Double Zhuo,1
回娘家,于文华,1
回心转意,许美静,1
回忆是红色天空,王菲,1
回留,方大同,1
因为你 所以我,五月天,1
因为你在,达闻西乐队 / 福禄寿FloruitShow,1
因为所以,反光镜,1
因为爱所以爱,谢霆锋,1
困兽斗,Beyond,1
国王与骑士,陈雪燃,1
圣诞节,新学校废物合唱团,1
在一起嘛好不好,李荣浩,1
在云端,郭顶,1
在四季里等待,莫西子诗,1
在夏夜,郑兴,1
在夏天,曹方,1
在我二十岁的时候，我回到了爸爸的小村庄，那是我的乌托邦,悲伤玩具,1
在无常中抛下一个锚点 (Live),房东的猫,1
在时间的答案里,Peace Hotel(和平饭店),1
在木星,朴树,1
在水一方 (Live),李健,1
在流逝之外(2021 Version),声音碎片乐队,1
在风中吹,Bob Dylan,1
地上BGM (スーパーマリオブラザーズ),近藤浩治,1
地图 (Acoustic Version),黄淑惠,1
地獄の沙汰も君次第,安元洋貴 / 柿原徹也 / 喜多村英梨 / 長嶝高士 / 小林由美子 / 青山桐子,1
地球上最后一个EMO男孩,Chinese Football,1
地球吓了一跳,自然卷,1
坏的好人,张惠妹,1
坚强的理由,莫文蔚 / 伍佰,1
垂死的岁末,惘闻,1
垂死的岁末（点亮现场版）,惘闻,1
垂髫,许钧,1
城南花已开,三亩地,1
城市,张悬,1
城市潜水,椅子乐团 The Chairs,1
声音,Beyond,1
处处吻,杨千嬅,1
夏がそうさせた,never young beach,1
夏を见ていた ~“蛍火の杜へ”エンディングテーマ,おおたか静流,1
夏夕空,中孝介,1
夏夜日记,潮池蓝,1
夏夜晴朗的晚上,Matt吕彦良,1
夏夜迷语,盘尼西林,1
夏天的最后一晚 (Live at Blue Note Beijing 2017),火星电台,1
夏天的梦是什么颜色的呢 - Live,上海彩虹室内合唱团,1
夏宫,Aliosha,1
夏日回音,柳爽,1
夏日炎炎,南青乐队,1
夏日终曲 (Live),新裤子,1
夏末的歌,夏日入侵企画,1
夏末（late summer）（钢琴曲）,屯叔UncleTune,1
夕子,法老 / 泠风,1
夕阳无限好(Live),陈奕迅,1
夕阳红,佟铁鑫,1
夕阳醉了 (Live),张学友,1
外婆桥,张悬,1
外滩十八号,男才女貌,1
外面,周迅,1
外面的世界,莫文蔚,1
多多喝水,宝宝巴士,1
多得他,王菲,1
夜上海,蔡琴,1
夜尽头,嘎调,1
夜明灯,旅行团,1
夜游神,九连真人,1
夜行灯火,窦唯 / 不一定,1
夜走,打倒三明治,1
夜车,曾轶可,1
夜间独白,deca joins,1
夜風,Lamp,1
夢灯籠,RADWIMPS,1
大吉大鲤,明堂唱片 / 李丁丁MIA AIM / Major Yao,1
大城小爱,王力宏,1
大头儿子小头爸爸,群星,1
大山中的小姑娘,蒋小涵,1
大海的执着,Rustic,1
大溪地,黄小桢,1
大理,杨旭凯,1
大连，勿语,惘闻,1
大醉一场,A公馆,1
大风吹,许志安,1
大风车,中国中央人民广播电视总台少年儿童合唱团,1
天上掉下个猪八戒主题曲,群星,1
天下无双天啦地啦,梁朝伟 / 王菲,1
天下有情人,周华健 / 齐豫,1
天亮了,韩红,1
天使与海豚,梁咏琪,1
天堂,腾格尔,1
天外来物,薛之谦,1
天天,陶喆,1
天天晴朗 (苏打绿版),苏打绿,1
天才艺术家,犬儒乐队,1
天文特征,HUSH,1
天涯,任贤齐,1
天涯相随,筠子,1
天涯路口,旅行团,1
天空,王菲,1
天空是蓝的，我追求幸福的方法也是（feat.鲸鱼马戏团）,大卫,1
天边一朵云,声音碎片乐队,1
天黑黑 (Cloudy Day),卢广仲,1
天黑黑 (Cloudy Day) - 《台湾犯罪故事》戏剧主题曲,卢广仲,1
太多,陈冠蒲,1
太平洋西岸的歌,风子,1
太阳和野花,左卡,1
太阳岛上,麦田守望者,1
太阳是解药,Peace Hotel(和平饭店),1
太阳落去,霓虹花园,1
失恋阵线联盟,草蜢,1
失控,宫阁,1
失物招领,徐秉龙,1
头号甜心,张韶涵,1
奇妙能力歌,陈粒,1
奉献（电影《飞驰人生》片尾曲）,凌川夏,1
奔跑 (live),孙楠 / 古巨基 / 陈楚生 / 胡彦斌 / 汪苏泷 / 周深 / 宋亚轩,1
奥特曼（Ultraman）,余佳运,1
女人花,梅艳芳,1
女爵,杨乃文,1
女爵(demo),苏打绿,1
她 (Live),王思远,1
她教我过马路,国蛋,1
她比我丑,陈慧琳,1
她的背影 (Remastered),王杰,1
她说,林俊杰,1
好个等待,李竺芯,1
好像都一样,虞书欣 / 张彬彬,1
好大一棵树,田震,1
好好 (想把你写成一首歌),五月天,1
好好地,朴树,1
好好地 (Live版),朴树,1
好好地 (安可Live),朴树,1
好好生活就是美好生活,周深,1
好好说再见,陶喆 / 关诗敏,1
好想爱这个世界啊 (Live),华晨宇,1
好汉歌,刘欢,1
好汉歌 (Live),刘欢,1
好糟糕的派对,张震岳,1
好蹦的歌,咖喱3000,1
如何,张悬,1
如何 (Skyline),焦迈奇,1
如常,草东没有派对,1
如果不能选择，我们就去歌唱,反光镜,1
如果云知道,许茹芸,1
如果从此没有月亮 (If there is no moon anymore),怀森 / 陈一豆,1
如果你也这样过,尤长靖,1
如果你冷 (2013海洋音乐节现场版),苏打绿,1
如果你冷 (鱼 in summer),鱼丁糸,1
如果你感到难过,马飞,1
如果你还爱我,光良,1
如果你还爱我(Live),光良,1
如果可以,韦礼安,1
如果可以 (Bonus Tracks),李健,1
如果我们当时一起会怎么样,丁世光,1
如果我先死了怎么办,范晓萱,1
如果我现在死去(Live),高旗&超载乐队,1
如果是你,布朗尼,1
如果沉默是金,李健,1
如果没有你 (Live),G.E.M.邓紫棋,1
如果爱 (Live版),方大同,1
如果真的恨一个人，那就是我自己,Muma木马,1
如果说 (Live),郁一凡 / 张荣昊,1
如果这一秒钟你跟我讲你不爱我 (Live),陈奕迅,1
如烟,艾怡良,1
妇女新知 2021,莫文蔚,1
妈妈一起飞吧，妈妈一起摇滚吧,舌头,1
妈妈的吻,程琳,1
妈妈的歌谣,莫西子诗,1
妈妈睡了,陈绮贞,1
妈妈，我的玫瑰花要死了 - 现场版,上海彩虹室内合唱团,1
姊姊妹妹站起来,陶晶莹,1
姐姐,张楚,1
姑娘漂亮,何勇,1
娱乐场,王菲,1
娱乐自己,HUSH,1
婚礼的祝福,陈奕迅,1
嬉戏之后,苏打绿,1
子弹列车,林俊杰,1
存在 (Live),G.E.M.邓紫棋,1
孤单一吻,Beyond,1
孤单北半球,欧得洋,1
孤独圆舞曲,张尧,1
孤独她呀,二珂,1
孤独的人是可耻的 (Live),张楚,1
孤独的花朵,袁泉,1
孤独的鸟,惘闻,1
孤舟,Nerve Passenger（神经旅人）,1
学猫叫 (Live),谭维维,1
宇宙孤儿,幼稚园杀手,1
宇宙漫游,Matt吕彦良,1
守望麦田,王菲,1
安阳,痛仰乐队,1
安静,周杰伦,1
安静的美好,康士坦的变化球 / 郭采洁,1
宝宝巴士-上学歌（TageTage remix）,TageTage,1
宝贝 (in a day),张悬,1
宝贝 (in the night),张悬,1
宝贝，我听到银河的声音,电气樱桃,1
客官不可以,徐良 / 小凌,1
家书(demo),散人 / 朱芸霄,1
家在东北 (Live),李佳芮Shary,1
家有儿女过场插曲,群星,1
容易受伤的女人,王菲,1
宿醉之星,琥珀,1
寂寞写在你眼中,红孩儿,1
寂寞的季节,陶喆,1
寂寞的恋人啊,莫文蔚,1
寥寥此生虚度,暗杠,1
对你说,王筝,1
对峙,庾澄庆,1
对着你说,Leo1Bee,1
寻找多莉,梅卡德尔,1
将来的主人,花儿乐队,1
将进酒 (Live),罗大佑,1
小さな恋のうた,MONGOL800,1
小三,郭玲,1
小乌龟,张栋梁,1
小兔子乖乖,宝宝巴士,1
小半,陈粒,1
小小少年,中央人民广播电台少年广播合唱团,1
小小年纪谈起理想一串串,群星,1
小小校歌,陈绮贞,1
小小虫,方大同,1
小尘埃,陈绮贞,1
小尾巴之歌,邓超 / 小臭臭,1
小幸运 (Live),汪小敏,1
小径里,step.jad依加,1
小心温差,Matt吕彦良,1
小心肝,八三夭,1
小怪物去天国,哪吒乐队,1
小情歌 (Live),林俊杰,1
小情歌（伴奏）,苏打绿,1
小手拉大手,梁静茹,1
小星群 (故事未了版),苏打绿,1
小朋友,刘莱斯,1
小树树,低苦艾,1
小满,狮童乐队,1
小猪佩奇,wearied,1
小王子和他的玫瑰花,拿花负荷,1
小男人大男孩 (洛克先生Live版),萧敬腾,1
小美满,周深,1
小翅膀,声音玩具,1
小芳,李春波,1
小英雄哪吒,孙楠,1
小苹果,自然卷,1
小草,大乔小乔,1
小螺号,中央人民广播电台少年广播合唱团,1
小路,张玮玮,1
小跳蛙,青蛙乐队,1
小酒窝,林俊杰,1
小问题,AGA,1
小魔女的魔法书,范晓萱,1
小鸡小鸡,王蓉,1
小龙人之歌,好妹妹,1
少女A,中森明菜,1
少女的祈祷,杨千嬅,1
少女，飞,汉堡黄,1
少年他的奇幻漂流 (Life Live),五月天,1
少年吔，安啦！,伍佰,1
少年游,声音碎片乐队,1
少年英雄小哪吒,杨采钰,1
尘埃,王菲,1
就是爱你,陶喆,1
就算全世界与我为敌,陈绮贞,1
就让这大雨全都落下,容祖儿,1
尾班车,王菲,1
山丘,李宗盛,1
山头,无妄合作社,1
山岭线,点灯人（Lamplighters）,1
山河图,凤凰传奇,1
山海经/Classic of Mountains and Seas,DeepMountains深山,1
山脚,Jony J,1
山阴路的夏天  (叁叁肆济南站),烤牛奶,1
岁月神偷,金玟岐,1
岛,岛屿心情,1
岛屿,棱镜,1
崂山道士,美好药店,1
崇拜,梁静茹,1
左车道,五条人,1
差一点,漫游会议室,1
巴啦啦小魔仙,大小ann,1
巴山夜雨纷纷后 岷江不再恋,白水 / 林天然 / 袁田 / 陈飚 / 雨来 / 向瀟玥 / 孤島,1
巴巴罗萨,达达乐队,1
巴巴罗萨 (Live),达达乐队,1
巴赫旧约,汪苏泷,1
市中心,Tizzy T,1
希望,曹思义,1
带上我的眼睛,法兹乐队 FAZI,1
带我到山顶,王睿卓,1
带我去月球,张雨生,1
常回家看看,江涛 / 陈红 / 蔡国庆,1
幕布,海朋森,1
干杯朋友 (2016重混版),不优雅（biuya）,1
干饭王,姜荣科,1
平凡之路 (Live),朴树,1
平凡故事（Cover 李剑青）（Cover 李剑青）,栗锦,1
平凡最浪漫,王菲,1
平淡日子里的刺,宋冬野,1
平行纬度,春晓 / 彭坦,1
平行线,陈壹千,1
年年岁岁大团圆,杨钰莹 / 毛宁,1
年轻的战场,张杰,1
年轻的朋友你要去向哪,C.S.B.Q（长沙暴青）,1
幻の命,Sekai no Owari,1
幻听,许嵩,1
幻想,柳爽,1
幻觉,面孔乐队,1
广仔传,旅行团,1
床边故事,四枝筆 Four Pens,1
庐州月,许嵩,1
庞贝,许嵩,1
开不了心,陈奕迅,1
开往早晨的午夜,张碧晨,1
开心真Giao,徐真真 / 黑猫警长Giao哥 / Taisheng Music,1
异乡人,无乐,1
弥敦道,洪卓立,1
弹着吉他的少年,新裤子,1
强军战歌,阎维文,1
归途有风,王菲,1
当,动力火车 / 彝蒙组合 / 付小墨 / 伊西永藏,1
当一切结束时,岛屿心情,1
当你,王心凌,1
当你在哭,麦田守望者,1
当你见到我,刘恋,1
当我熟知的一切都变淡,海鸥诗人,1
当我要走的时候,陈硕子,1
当爱在靠近,刘若英,1
形容 (Gamer Version),沈以诚,1
彩云之南,文儿,1
彩虹天堂,刘畊宏,1
彩虹布拉克 (伴奏),于适,1
影子,王菲,1
影子先生,风子,1
彼个所在,魏如萱,1
往事只能回味,好妹妹,1
往常,莉莉周她說,1
很久,尧十三,1
很久很久,杨和苏KeyNG,1
很高兴认识你,C-BLOCK,1
徐梦圆/双笙-采茶纪（七人唱见双声道/ShakingHigh Bootleg）（ShakingHigh/倪莫问/少年霜/奶叔SHu/管珩心/谣君/洛少爷 Remix）,ShakingHigh / 倪莫问 / 少年霜 / 奶叔SHu / 管珩心  / 谣君 / 洛少爷,1
微笑,海龟先生,1
微风.往事,郑怡,1
微风吹,李润祺,1
心乱飞,陶喆,1
心動,陈洁仪,1
心太软,任贤齐,1
心情车站,任贤齐,1
心有独钟,陈晓东,1
心淡,容祖儿,1
心酸的浪漫,那英,1
心酸（cover 林宥嘉）,崖上清风,1
忘了吧,痛仰乐队,1
忘情水(Live),刘德华,1
忘记我 (现场版),上海彩虹室内合唱团,1
忙しい生活「人山人海」,时空储蓄罐,1
忧伤的季节,郝云,1
快,七八点,1
快乐你懂的,快乐家族,1
快乐女孩《甜心格格》（翻自 刘惜君）,阿蝉蝉,1
快乐小孩,潘延,1
快乐小神仙,天唱组合,1
快乐指南,孙悦,1
快乐的旅行,自然卷,1
快乐的时光总是短暂的,海朋森,1
快乐老家 (Live),林志炫,1
快乐至上,林志颖,1
快乐颂,庾澄庆,1
快乐颂(Live),庾澄庆,1
念念不忘,麦浚龙,1
忽然,韦礼安,1
忽而今夏,汪苏泷,1
怎么办,张震岳,1
怎么我睡不着你也不来救我,焦迈奇,1
怎么舍得你,张学友,1
怎么说我不爱你,萧敬腾,1
怒放,郑钧,1
怕你为自己流泪,黑豹乐队,1
思ひで,鈴木常吉,1
思念,毛阿敏,1
思念一个荒废的名字 (Live),陈楚生,1
思念是一种病+爱人同志+爱如潮水+你现在还好吗(Live),纵贯线,1
思念谁,巫启贤,1
怪你过份美丽,张国荣,1
总结,方大同,1
总要信 Faith,royster lee,1
恋人观影须知,甜約翰 Sweet John,1
恋曲2016,马赛克,1
恋曲L.A.,马天宇,1
恋爱中的城市,满江,1
恍惚,陈楚生,1
恍惚的眼前,窦鹏,1
恶梦,南西肯恩,1
恼人的秋风,费翔,1
悠长假日,宋捷,1
悬溺,葛东琪,1
悲しみのない世界,坂本慎太郎,1
悲伤城市,脆莓(Brickleberry),1
悲伤的梦,窦唯,1
悲伤的秋千,金海心,1
情歌而已(2021 Version),声音碎片乐队,1
情深深雨濛濛,于晴,1
情胜策略,方大同,1
情非得已,庾澄庆,1
想你,Beyond,1
想你在(Live),无印良品,1
想劈酒,张学友,1
想去哪,许光汉,1
想听,陈奕迅,1
想和你去吹吹风,张学友,1
想念拟人化,孟慧圆,1
想见你,无印良品,1
想见你(Live),无印良品,1
想说却还没说的,对角巷乐队,1
想象之中,许嵩,1
想起,江美琪,1
想逃,梁家辉 / 张艾嘉,1
愚人的国度,孙燕姿,1
愛情朝九晚五,都市零件派对,1
感到幸福你就拍拍手,凤凰传奇,1
感官先生,刘凤瑶,1
感觉不到你 (demo),羽·泉,1
感觉时刻,窦唯,1
感觉身体被掏空,上海彩虹室内合唱团,1
感谢你,孙悦,1
愿你,好妹妹,1
愿在秋天死去,好妹妹,1
愿望交换商店不插电版,夏日入侵企画,1
愿爱无忧（台版）,痛仰乐队,1
慢冷,梁静茹,1
慢慢走,萧煌奇,1
慢歌1,陈绮贞,1
慢灵魂(unplugged版) (Live),卢广仲,1
懂事,孙燕姿,1
懒,花儿乐队,1
戀人觀影須知,甜約翰 Sweet John,1
成为一个厉害的普通人,陈珊妮 / 吕士轩,1
我一定会爱上你,谢春花,1
我不介意你恨我,花儿乐队,1
我不害怕,梁静茹,1
我不想失去你,新裤子,1
我不是伟人,陈小春,1
我不是随便的花朵,姜昕,1
我不爱,孙燕姿,1
我不知道,动力火车 / 熊天平,1
我为什么要歌唱,邵夷贝,1
我也不知为何流下了眼泪,Jam,1
我也可以是流浪的诗人（翻自 好妹妹乐队）,安辰,1
我也喜欢你的女朋友,脏手指 Oh! Dirty Fingers,1
我们不是永远都那么勇敢,万芳,1
我们不由自主的亲吻对方,低苦艾,1
我们会在没有黑暗的地方相见,达闻西乐队,1
我们可以在一起,新裤子,1
我们总会在夏天相遇,枯木逢春,1
我们成为不再互相关心的那种关系了,爆青筋BCJ,1
我们是浪漫主义者,Schoolgirl byebye,1
我们的岛（莱福岛岛歌）,Kawa乐队 / 斯斯与帆 / Quark夸克乐队 / 五福乐队 / 小猫钓鱼 / 葡萄不愤怒 / 笑匠 HAHA MASTER / 二一乐队 / 桃金娘,1
我们的恋爱是对生命的严重浪费,许嵩,1
我们的故事,裘德 / 余佳运,1
我们的歌,王力宏,1
我们终会拥有美好的未来,C.S.B.Q乐队,1
我们羞于表达的感情,新裤子 / 大张伟,1
我们走在大路上,现代人,1
我们这里还有鱼,黄中原 / 黄大炜 / 游鸿明 / 谢霆锋,1
我们都是好孩子,王筝,1
我会在这儿等你,鲍家街43号,1
我会想念你,张震岳,1
我依然喜歡那片藍天,时过夏末,1
我去2000年,朴树,1
我又再度依恋上昨天,Tizzy Bac,1
我又想你了,陈信喆,1
我只能离开,颜人中,1
我听过你的歌,王焱 / 何影,1
我和你,刘欢 / Sarah Brightman,1
我和春天有个约会,刘雅丽,1
我和比奇堡的朋友们,热水澡,1
我喜欢,梁静茹,1
"我喜欢 (不,我爱)",严爵,1
我在人民广场吃炸鸡,阿肆,1
我在欧洲，打电话给你,静物乐团,1
我多么羡慕你,江美琪,1
我太傻,陶喆,1
我就要和你在一起,赵英俊 / 夏筠妍,1
我希望在你的爱情里,张蔷,1
我得了忧郁症,地下婴儿,1
我心痛得快要死掉了,狗才乐团,1
我想part2,法老 / 杨秋儒,1
我想当风,鹿先森乐队,1
我想念,金志文,1
我想我不会再,逃走鮑伯,1
我想我可以,蔡旻佑,1
我所不能了解的事,罗大佑,1
我所不能了解的事(Live),罗大佑,1
我是一棵秋天的树 (Live in summer),苏打绿,1
我是有钱人,任贤齐,1
我是海浪,SADOG,1
我是真的爱你,李宗盛,1
我最亲爱的,张惠妹,1
我最近总是梦见你,晚睡叭,1
我正在忘了你,寸铁,1
我永远记得 (Live),周锐 / 尤长靖 / 韩沐伯 / 杨非同 / 王子异 / 毕雯珺 / 董又霖,1
我爱他,王小帅,1
我爱你(live版),卢广仲,1
我爱吃烤鸭,熊猫眼乐队,1
我爱夏天,脱拉库,1
我爱的人,陈小春,1
我用什么把你留住 (Remix),福禄寿FloruitShow,1
我的好兄弟,小沈阳 / 高进,1
我的好妈妈,贝乐虎儿歌,1
我的未来不是梦,张雨生,1
我的未来式,郭采洁,1
我的深情就是个笑话,大张伟,1
我的祖国,吴宁越,1
我的身旁是一扇亮了又暗的窗,理想后花园,1
我相信,杨培安,1
我离开我自己,杨乃文,1
我站在全世界的屋顶,张艾嘉,1
我等候你+飞的理由,黄磊 / 林忆莲,1
我纷扬的世间,唐映枫,1
我终于失去了你,赵传,1
我给的爱,杨乃文,1
我绝对不能失去你,GALA,1
我要买买买 feat.洛天依,iKz,1
我要你,阿朵,1
我要你的命,黑色收音机派对,1
我要如何不想他,蔡琴,1
我要开花 (Live),二手玫瑰,1
我要快乐,张惠妹,1
我要我们在一起,范晓萱,1
我要找到你,Zic子晨,1
我觉得春天好像要来了,当代电影大师,1
我赖你,苏打绿,1
我赚钱了,吾酷,1
我还想她,林俊杰,1
我还是喜欢从前的你,谢博哲,1
我都跟你走,程璧,1
或是一首歌（翻自 郑敬儒）,OAO,1
或许就变成书里的风景 (Mercury Retrograde Version),郑宜农 / 阿爆 / Chunho,1
户外烧烤聚会 (放松动感背景音乐),店铺背景音乐,1
房间-新版,刘瑞琦,1
所以你睡了没,沙一汀EL,1
所以来吧,房东的猫,1
所念皆星河,CMJ,1
手拖手(Live),方大同,1
手放开,李圣杰,1
手紙 ～拝啓 十五の君へ～ (カバー),森愛,1
才华有限公司,金玟岐,1
打上花火,DAOKO / 米津玄師,1
打工人之歌,阿萨Aza,1
打起手鼓唱起歌,关牧村,1
打错了,王菲,1
托斯卡纳艳阳下,何石,1
执着,田震,1
找自己,陶喆,1
把光芒洒向开阔之地(2021 Version),声音碎片乐队,1
把夜晚染黑 (2020年版),谢天笑,1
把耳朵叫醒,金海心,1
投食歌,Sono白鹫呀,1
折子戏,黄阅,1
护花使者,李克勤,1
披星戴月的想你 (Bonus track),告五人,1
抱一抱,陈小春,1
拉德斯基进行曲,Herbert von Karajan,1
拉手手亲口口,雷升利 / 田锋,1
拉萨啤酒,风子,1
招安,二手玫瑰,1
拥抱的问号,袁泉,1
拯救地球 / 脱掉 (Live),杜德伟,1
拯救心田(哎哟我的天),任贤齐,1
挣脱,王菲,1
挪威森林,花儿乐队,1
掌心,无印良品,1
控制,法兹乐队 FAZI,1
控制狂 (苏打绿版),苏打绿,1
搬家,张震岳,1
搬家 Little Zebra,达达乐队,1
摄影艺术,许嵩,1
摆渡人的歌,周华健,1
摇滚这个春晚,天堂乐队 / 面孔乐队 / 灰子 / 脑浊乐队 / CMCB / 川子 / 液氧罐头 / 张峻 / 瘢痕体质乐队 / OOC控制之外 / 魔金石乐队 / 4U乐队 / DJ TATTOO,1
摇篮曲(东北民歌),群星,1
撒·野,花墙FancyWall,1
收音机之恋,达达乐队,1
改革春风,春风招待所,1
放个大招给你看,永彬Ryan.B,1
放弃你,张学友,1
放火,孤独的利里（Lonely Leary）,1
放空,大籽 / Lil E / A1 TRIP,1
放肆爱,于贞,1
放轻松,张靓颖,1
故乡,许巍,1
故乡的云 (Live),好妹妹 / 陈粒,1
故意,陈冠希,1
敢爱敢做,林子祥,1
敢问路在何方,蒋大为,1
散去的时候,deca joins,1
敬自己不为谁,胡彦斌 / GAI周延,1
数人玩,戏班,1
数字恋爱,范晓萱,1
敷衍,王菲,1
断桥残雪,许嵩,1
新不了情-滚石撞乐队2,我是機車少女,1
新世纪的女儿,郑宜农 / Chunho,1
新娘阿花,金玟岐,1
新年好+恭喜恭喜+财神来到我家门+祝你新年快乐（串烧）,儿歌多多,1
新时代，共享未来 (ft. Sara Zozaya),Shanghai Qiutian,1
新的夜晚,虞洋,1
新长征路上的摇滚,崔健,1
新鲜,梁咏琪,1
方圆几里,薛之谦,1
方舟遗留物,昨夜派对（L.N Party）,1
旅行,许巍,1
旅行的意义,陈绮贞,1
旅路,藤井風,1
旗开得胜,张学友 / 张靓颖 / K'Naan,1
无人之境,陈奕迅,1
无人之境(Live),陈奕迅,1
无人知晓,田馥甄,1
无尽,Supper Moment,1
无尽闪亮的哀愁,伍佰 & China Blue,1
无得比,黄贯中,1
无心睡眠,张国荣,1
无情派对,新裤子,1
无法坠入爱河 (Punk Version),未来星B3Rich,1
无法长大,赵雷,1
无泪的遗憾,Beyond,1
无用清净梦,陈鸿宇,1
无菇朋友,方大同,1
无论你多怪异我还是会喜欢你,周子琰,1
既然不再假装自己不是多愁善感的诗人,魏如萱,1
日々、月を見る,ユアネス,1
日が落ちるまで,ハンバート ハンバート,1
日光机场,许茹芸,1
日常的鏡頭 (Through The Lens of Life) (Audiotree Live Version),椅子乐团 The Chairs,1
日落之前,Mr. Miss,1
日落大道 (Live),梁博,1
日落沙滩后,余佳运 / HYBS,1
日落海岸线,浪旅LongTravel,1
旧时除夕,棱镜,1
旧的童年,高晓松,1
旧社会顶穷的人,还潮,1
旧诗,孟凡明,1
早上好,Angell,1
时间,花儿乐队,1
时间一枪打在我身上,王梵瑞,1
时间之外,声音玩具,1
时间改变一切,谢天笑,1
时间煮雨,郁可唯,1
时间的手,旅行团乐队,1
时间轴,余佳运,1
时间里的,马頔,1
明天会更好 (Live),林忆莲,1
明天再见,韦礼安,1
明天可以见到你吗？（电视剧《如此可爱的我们》插曲）,坤木Joymo / 吃水母,1
明天我要嫁给你(Live),王菲,1
明天晴天,孙燕姿,1
明天见,王心凌,1
明天见面吗,Sino周夏影 / lookingboy,1
明天见，就是我会去找你,帆布小镇（Canvas Townlet）,1
明天过后,张杰,1
明年今日,陈奕迅,1
明年今日(Live),陈奕迅,1
明日天气如何,缺省,1
明日聚会,跳大海,1
明明想了又想又假装没有想（Angelina）,温和治疗(MILDCURE),1
星夜祈盼,刺猬,1
星尘,旅行团,1
星星堆满天 (Live),杨乃文,1
星星堆满天(Live),苏打绿,1
星星点灯,郑智化,1
星晴,江美琪,1
星晴 (Live),张学友,1
星风,中川イサト,1
春、来る (Haru Kitaru),岸部眞明,1
春天在哪里,群星,1
春天游泳(LP version),deca joins,1
春天的天气,赛璐璐,1
春天花花,群星,1
春天里 (Live),汪峰,1
春日部的告别,海妖SeaMaiden,1
春暖花开去见你,福禄寿FloruitShow,1
春暖花开去见你(Demo),福禄寿FloruitShow,1
春望,张艾嘉,1
春来了,南无,1
春海,许巍,1
春田花花幼稚园校歌,何崇志,1
春秋(Live),张敬轩,1
春色悠悠不及你荡漾,陈婧霏,1
春节序曲,中国国家交响乐团,1
春花冬梦,鸽子蜜蜂乐队,1
春雨里洗过的太阳,王力宏,1
春雪采耳,施鑫文月 / 小老虎,1
春风,海朋森,1
春风亲吻我像蛋挞 (粤),群星,1
昨天的你的现在的未来,好妹妹,1
昨日,鹿先森乐队,1
昨日的你,陈鸿宇,1
晚安吧，太阳,金玟岐,1
晚安喵,艾索,1
晚安晚安,魏如萱,1
晚安，我爱你,倪健,1
晚霞,窦唯,1
晴天 (钢琴版) [原唱: 周杰伦],纪钧瀚 (Bryan Chi),1
暗恋,陶喆,1
暗恋是一个人的事,宿羽阳,1
暴雨来临之前,群像,1
曝光失误,愚月FoolMoon,1
曾经我也想过一了百了,林志炫 / MC Hotdog,1
曾经的你,许巍,1
最佳歌手,许嵩,1
最冷一天,陈奕迅,1
最初的梦想,金玟岐,1
最后一次看着你,马頔,1
最后的对话,Beyond,1
最后的水族馆,裘德 / 魏如萱,1
最想念的季节,品冠,1
最浪漫的事,赵咏华,1
最炫民族风(Live),凤凰传奇,1
最特别的存在,周渝民,1
最近 (正式版),王小帅,1
最远的距离,郑云龙,1
月上邮差,昨夜派对（L.N Party）,1
月亮,老狼,1
月亮 (Live),常石磊,1
月亮 月亮,时间不够以后,1
月亮与灵魂,张楚,1
月亮之上,凤凰传奇,1
月亮代表我的心 (演唱会Live),hyukoh,1
月亮代表谁的心 (Live),陶喆,1
月亮偷着哭,何静,1
月亮粑粑 （live）,钟志刚,1
月亮船 (《快乐星球》电视剧片尾曲),王英姿,1
月亮贩卖快乐,金莎,1
月光(Live),李健,1
月半小夜曲 (Live),赵雅芝 / 李若彤 / 温碧霞 / 陈松伶,1
月半弯,陈坤,1
月夜愁2023,罗大佑,1
月梦,唐朝乐队,1
月球上的人,陈奕迅,1
月球风格爱情,Leo1Bee,1
有一天你会明白,李柏凝,1
有一点动心,张信哲 / 刘嘉玲,1
有些事搞砸也没关系,桃子假象,1
有什么奇怪,郭顶,1
有你在身旁,无印良品,1
有光 (Live),纵贯线,1
有光的地方,齐一,1
有可能的夜晚,曾轶可,1
有时爱情徒有虚名,王菲,1
有没有一首歌会让你想起我,周华健,1
有颗炸弹送给你,花儿乐队,1
朋友别哭,吕方,1
朋友歌,时间不够以后,1
朋友首日封,光良,1
望月怀远,九连真人,1
朝,Mandarin,1
朝花,蛙池,1
未来,方大同,1
未来主人翁,火星电台,1
未来的未来,卢庚戌,1
未来的答案,霓虹花园,1
未来的路,痛仰乐队,1
末日恋曲,达闻西乐队,1
末班车,萧煌奇,1
机场雷雨,棱镜,1
李建国,鲍家街43号,1
李白,李荣浩,1
李米,刮刮乐,1
来不及,陈珊妮,1
来不及（Live）,刘瑞琦,1
来到你身边,反光镜,1
来恨我,歪歪歪,1
来自我心,老狼,1
极恶都市不插电版,夏日入侵企画,1
枕头,功夫胖KungFuPen / The-Beta / c0de731,1
林依晨-你（嘻嘻琳 remix）,嘻嘻琳,1
果然你还是,告五人,1
栀子花开,何炅,1
核：冬夜的第一支歌,昨夜派对（L.N Party）,1
格拉斯微风,重返袖珍时光,1
桃,The Cheers Cheers,1
桜流し（slowed down）,黑空,1
梦 (LP version),deca joins,1
梦中的婚礼 - Live现场版小提琴翻奏节选 - Strictlyviolin,Strictlyviolin荀博,1
梦在黎明破晓时,盘尼西林,1
梦幻丽莎发廊 (Live in Portugal),五条人,1
梦幻想,刺猬,1
梦想成真,黎明,1
梦时,虞书欣,1
梦田农夫,熊天平,1
梦里是谁,王馨平,1
棉花糖骆驼,椅子乐团 The Chairs,1
棒,康姆士COM'Z,1
森林,Mr.,1
樱花树下 (Live),张敬轩,1
樱花草,NanNan-- / 恋音,1
橄榄树,齐豫,1
欠我的时光,莫文蔚,1
次仁拉索,KidNam索南 / 你的大表哥曲甲,1
欢乐中国年,孙悦,1
欢迎进行曲,中国人民解放军军乐团,1
欢颜,齐豫,1
欧洲特快车,毛宁,1
欲望,花儿乐队,1
欲言又止,大波浪,1
歌唱,花儿乐队,1
歌曲：唱支山歌给党听,杨洪基 / 蒋大为 / 蔡国庆 / 宗庸卓玛 / 张英席 / 周旋 / 云朵 / 乌兰图雅 / 云飞,1
此生无可恋，唯曲悦丹田,刺猬,1
武汉这些天一直在下雨,钟立风,1
死,Glocky,1
死亡与堕落,梅卡德尔,1
死如秋叶,刘森,1
死海（主题）,法兹乐队 FAZI,1
死海（站台）,法兹乐队 FAZI,1
每一刻都是崭新的,许巍,1
每个人都会 (Live版),方大同,1
每天每天,方大同,1
每天爱你多一些,张学友,1
比利,许钧,1
比咏博,脏手指 Oh! Dirty Fingers,1
気持ちいい風が吹いたんです,never young beach,1
氧气,郝蕾,1
氧气 (O1 缺氧版),范晓萱,1
氧气(O1 缺氧版),范晓萱,1
氧气(缺氧版),范晓萱,1
氧气-明明之歌,张广天 / 郝蕾,1
水中央,戴佩妮,1
水晶,任贤齐 / 徐怀钰,1
水蒸气亲吻Disco,LeeyOn李昂 / 张蔷 / 后千禧浪潮,1
水边的阿狄丽娜,Richard Clayderman,1
水驴记 (养殖场动物群/卡祖笛版),北寂吖 / 驴,1
永不失联的爱,周兴哲,1
永远的乌托邦,脑浊乐队,1
永远的奥特曼,LINE,1
求佛,誓言,1
汐,Uhsgnod,1
江南,林俊杰,1
汪洋中的一条船（feat.曹羊）,痛仰乐队 / 曹羊,1
沈丁花,DISH//,1
沉默的表示,罗大佑,1
沒有你的世界,韦礼安,1
沙发里有沙发Radio,鱼丁糸,1
沙龙 (Live),陈奕迅,1
没关系,容祖儿,1
没完没了,孙楠 / 那英,1
没有人不比我快乐,Fine乐团,1
没有人在意他的眼睛里,打倒三明治,1
没有名字的夜晚,夏日入侵企画,1
没有我你怎么办,何润东,1
没离开过,林志炫,1
沧海一声笑,任贤齐,1
河山大好,许嵩,1
河流,蛙池,1
洛杉矶的心事,熊天平,1
活鱼逆流而上，死鱼随波逐流,五条人,1
流光练习曲（Light Stream Etude）,MT1990,1
流夏,栗先达,1
流星雨,F4,1
流水青年,绿丘,1
流沙,陶喆,1
流浪天涯,利事乐队,1
"流浪汉 Vagabond""Sikenashka""(新疆民歌)",野孩子,1
流浪的红舞鞋,王菲,1
浪子回頭,茄子蛋,1
浪漫风暴,王菲,1
浪费,徐佳莹,1
浪费了,哪吒乐队,1
浮出水面 (Live),达达乐队,1
浴室(2019 Reprise),deca joins,1
海,王梵瑞,1
海上花 (Live版),罗大佑,1
海南恋歌,丁晓红,1
海子,宝石Gem,1
海尔兄弟,蒋小涵 / 唐亚男,1
海曙的风,马融,1
海盗船长2.0,花粥 / 风子,1
海盗船长一会儿想靠岸一会儿想扬帆妹妹你要上了贼船可别怪哥哥没说清自己是个混蛋,风子,1
海绵宝宝（seaweed remix）,1Nose beatZ,1
海街diary,菅野よう子,1
海边,帆布小镇,1
海阔天空,Beyond,1
海马舞会,阁楼演奏班,1
海鸥（cover：逃跑计划）,一禾,1
消失的光年2017版,大乔小乔,1
消愁,毛不易,1
消灭,花儿乐队,1
淘汰,陈奕迅,1
淡水河边,戴佩妮,1
深夜浪漫,张蔓姿,1
深息,杨千嬅,1
深海之光,麻园诗人,1
清平调,王菲 / 邓丽君,1
清晨日暮,低苦艾,1
温暖的家乡,Beyond,1
温柔的代价,旅行团,1
温柔的碾碎,低苦艾,1
温蒂公主的侍卫 (Demo),告五人,1
游,岛屿心情,1
游戏,大象体操,1
游戏人间,郑智化,1
游泳,莉莉周她說,1
湖面的尽头,Cicada,1
湾,王菲,1
滥情三部曲,脏手指 Oh! Dirty Fingers,1
漂浮,陈建骐,1
漂离去月球,刺猬,1
演员,薛之谦,1
漠河舞厅,柳爽,1
漠河舞厅·2022,柳爽,1
漩涡,时间不够以后,1
漫步,许巍,1
漫漫长夜,deca joins,1
潇洒小姐,萧亚轩,1
潜水艇司机,哪吒乐队,1
潜泳,马頔,1
火星撞地球,OWVRO老弟,1
火车快开,二手玫瑰,1
火车日记,丢火车,1
灯光,谢震廷,1
灯塔 (Live),谭维维,1
灯塔（live）,谭维维,1
灰色轨迹 (Live),Beyond,1
点石成金,痛仰乐队,1
烂情,许钧,1
烛光里的妈妈,羽·泉,1
烟,王菲,1
烟火,满江,1
烟火的季节,F4,1
烦,林晓培,1
烧烤摊,Kocham-087 / Ka-RuL,1
热情的沙漠,庾澄庆,1
热气球,黄淑惠,1
热汤,单依纯,1
煩悩遊戯,Reol,1
煲仔の饭,艾瑞欧ERIOE,1
熊猫咪咪,程琳,1
爱一个人好难,苏永康,1
爱不由我,尤长靖,1
爱与分离,火星电台,1
爱与喜欢的区别,尤长靖 / 房东的猫,1
爱与痛的边缘 (Live),单依纯,1
爱人 (Hugged),温和治疗(MILDCURE),1
爱人走了,时间不够以后,1
爱人错过,告五人,1
爱你一万年 (Live),刘德华,1
爱你一兆年,旺福,1
爱你不是两三天,梁静茹,1
爱你就像习惯了叹息一样,棱镜,1
爱你是错,花儿乐队,1
爱在夏天-盛夏之约,告五人,1
爱在摇滚的岁月,轮回乐队 / 吴彤 / 面孔乐队 / 石头乐队 / 战斧乐队 / 栾树 / 天堂乐队 / 汉家儿 / 冥界乐队,1
爱如潮水,张信哲,1
爱如火,那艺娜,1
爱将+/坏女孩+淑女+妖女+放开你的头脑+梦姬+冰山大火(Live),梅艳芳,1
爱就一个字,张信哲,1
爱情万岁,钟立风,1
爱情买卖,银河铁道之夜,1
爱情你比我想的阁较伟大,茄子蛋,1
爱情的枪,左小祖咒,1
爱情的模样,旅行团乐队,1
爱情转移,陈奕迅,1
爱情，鲸鱼，海洋,嘿！！！,1
爱慕,张国荣,1
爱我,李延亮,1
爱我别走,张震岳,1
爱我的请举手,莫文蔚,1
爱我还是他,陶喆,1
爱拼才会赢,叶启田,1
爱是一本书,陈奕迅,1
爱是一颗幸福的子弹,汪峰,1
爱永远不够形容2021,康姆士COM'Z,1
爱爱爱,方大同,1
爱的供养,杨幂,1
爱的魔法,金莎,1
爱笑的眼睛,林俊杰,1
爱，存在,旺仔小乔,1
爱，终将把青春遗漏,嘎调,1
牛奶面包,杨紫 / 鱿小鱼,1
牛角,黄唯铭,1
牧神午后序曲,土星皇家交响乐团,1
特别,黄龄,1
特斯河之赞,九宝乐队,1
狂人山庄,Beyond,1
狂热 (苏打绿版),苏打绿,1
狗女孩,梅卡德尔,1
独角戏,许茹芸,1
狮子座,曾轶可,1
狼,齐秦,1
猛犸,后海大鲨鱼,1
猜不透,丁当,1
猫,DISH//,1
玉蝴蝶,谢霆锋,1
王妃,萧敬腾,1
王子复仇记,嘎调,1
玩乐,方大同,1
玩具和61儿童节,刺猬,1
玫瑰  爱人  席梦思,Sunken Boat 沉舟乐队,1
玫瑰玫瑰我爱你,王若琳,1
玫瑰花的葬礼,许嵩,1
现在到永远,高旗&超载乐队,1
现象学,郑兴,1
珍惜,叶世荣,1
理想与爱情,乐园里乐团,1
理想国,张学友,1
琴岛漫步,逃跑计划,1
瑞秋 (Live) - (济南2019.11.29),丢火车,1
甘心(Demo),熊天平,1
甜蜜蜜,邓丽君,1
甜蜜谎言,甜蜜抽搐SweetTic,1
生之爱,嘎调,1
生命,声音玩具,1
生日快乐 (Live) - (武汉2019.12.13),丢火车,1
生日那天,齐一,1
生活在别处,陈婧霏,1
生活在别处的你 Another me,毛不易 / 中島美嘉,1
生活在地下(Live),野孩子,1
生活多美好,蛙池,1
生而为人,尚士达,1
田园,蛙池,1
电台天书,七八点,1
电线杆上的鸟,LÜCY,1
电车计划,曾轶可,1
男人哭吧不是罪(Live),刘德华,1
男儿当自强,林子祥,1
画中人,成磊,1
画（prod.by LORIN),杀不死Subs,1
留别,秘密後院,1
留给你的我从未,甜約翰 Sweet John,1
留香,许嵩,1
病变（女生版）,旺仔小乔 / Ellivensen,1
痛苦杀死我吧,液氧罐头,1
痛苦过,周华健 / 莫文蔚,1
白加黑,惘闻,1
白墙,脆莓(Brickleberry),1
白夜,麦田守望者,1
白日出没的月球 (鱼版),鱼丁糸,1
白桦林,朴树,1
白鹭,Quark,1
的确比他好,周华健 / 唐懿琴,1
直到你带走我,甜約翰 Sweet John,1
直觉,胡夏,1
相亲相爱,吕方 / 伊能静 / 姜育恒 / 叶欢 / 温兆伦 / 任洁玲 / 刘汉强 / 潘越云 / 郑华娟 / 李碧华 / 钱薇娟 / 陶晶莹 / 张小雯 / 林蒙 / 关德辉 / 郭嘉璐,1
相依为命,陈小春,1
相信,五月天,1
相信自己,零点乐队,1
相爱就是说了100次对不起,Crispy脆乐团,1
相爱的地方,青蛙乐队,1
相爱的运气,万芳,1
相见不如怀念,那英,1
相见在武汉,陈文非,1
看不见的人,椅子乐团 The Chairs,1
看云,好妹妹 / 小娟&山谷里的居民,1
看得最远的地方,毛不易,1
看月亮爬上来,张杰,1
看见你的声音,陈零九,1
真夏の果実,サザンオールスターズ,1
真夜中のドア～Stay With Me～,Ms.OOJA,1
真的吗,莫文蔚,1
眼望着北方,张玮玮,1
眼望着北方(Live),野孩子,1
眼泪 (live),张学友,1
眼睛里,deca joins,1
眼睛閃蝦惹,康姆士COM'Z,1
睡不着,浪,1
睡吧，睡吧，我亲爱的宝贝,宝宝睡好觉,1
矜持,王菲,1
知命不惑,無望春 Nospring,1
知床旅情,加藤登紀子,1
知足,五月天,1
知道不知道,万芳,1
破气球(when I fall in love),卢广仲,1
祝寿歌,禤道秒,1
祝我生日快乐 (Live),温岚 / 周杰伦,1
祝有好收获 (Good Hunting),温和治疗(MILDCURE),1
祝福,张学友,1
神啊 救救我,陈小春,1
神经病之歌,ilem / 洛天依 / 言和 / 初音ミク / KAITO,1
禁色(Live),陈奕迅,1
离不开你 (Live),腾格尔,1
离家最近的路,花粥 / 陈鸿宇 / 房东的猫 / 郝云 / 谢春花 / 王梵瑞 / 银临 / 好妹妹 / 王子异 / 梁晓雪 / 张楚 / G.G(张思源) / 赵钶 / 木小雅 / 徐秉龙 / 焦迈奇,1
离家的路,齐秦,1
离开地球表面,五月天,1
离开地球表面 (Live),萧敬腾,1
离歌,信乐团,1
私奔到月球,陈绮贞 / 五月天,1
秋分,蛙池,1
秋天的牡蛎,张希,1
秋天的童话,张杰,1
秋日苦难,南青乐队,1
秋眠,周一半,1
秋葉 Autumn Leaves,royster lee,1
秋雨,时间不够以后,1
种太阳,中央人民广播电台少年广播合唱团,1
种子,火星电台,1
秘密 II,小霞,1
稳稳的幸福,陈奕迅,1
稻草人,林志颖,1
稻香,谢昊轩,1
穷孩子,龍胆紫/PurpleSoul,1
穷开心 (2014恒大星光live),大张伟,1
空城,王菲,1
空山灵雨feat.新裤子,旅行团乐队 / 新裤子,1
空帆船,朴树,1
空谷幽兰,许巍,1
突然之间,G.E.M.邓紫棋,1
突然好想你,五月天,1
窗外的天气 (Live),吴青峰,1
窗花 (Live),达达乐队,1
窦娥冤,程砚秋,1
立秋,筠子,1
站起来,成龙 / 孙燕姿 / 韩红 / 王力宏,1
童年,罗大佑,1
童年收,括号君,1
童言无忌 (Live),王以太,1
端午,达达乐队,1
竹林,好妹妹,1
笑傲江湖,刘欢 / 王菲,1
笑忘书,王菲,1
笑笑,彭坦,1
第一次爱的人,王心凌,1
第一次遇見花香的那刻 (劇集《第一次遇見花香的那刻》主題曲),郑宜农,1
第三人称,Hush!,1
第二杯半价,圣代,1
第八套广播体操,群星,1
等你吃饭,旅行团乐队,1
等你等到我心痛,张学友,1
等你等到我心痛(Live),张学友,1
等到烟火清凉,许嵩,1
等太阳落山，就一起做梦（Gloaming）,渡洛西汀,1
等待再一次跃出水面,Cicada,1
等爱的玫瑰,凤凰传奇,1
答应要,自然卷,1
策长沙,C-BLOCK,1
策马,燕池,1
篡位,坏水,1
米店 (live版),张玮玮,1
粉色信笺,许嵩,1
粼兰曲,布衣乐队,1
精彩,王菲,1
精彩才刚刚开始,易烊千玺,1
糸,石崎ひゅーい / 菅田将暉,1
素晴らしき人生,平井 大,1
红日,李克勤,1
红星歌∣共产儿童团歌,NewCake新蛋糕乐队,1
红粉菲菲,王菲,1
红绿灯,周子琰,1
红色-山河版,ICE / 赵辰龙(Dragon X) / 法老 / 泥鳅Zinco / 何美延HAMY / G.G张思源 / Coony / Ice Paper / 于嘉萌 / AThree / Max马俊,1
红蜻蜓,程璧,1
红豆+偿还,撒娇,1
红鼻子驯鹿鲁道夫 (轻快版),Mannu & Eliza Lacerda,1
纯洁2016,Muma木马,1
纳木错的夜,风子,1
纸飞机,林忆莲,1
纸飞机/Fly Away,高玮浩,1
细雨洒落群山,Daniel Ho / 泰武国小古谣传唱队,1
终于有一天我不再开口,大波浪,1
终点起点,鱼丁糸,1
终结孤单,五月天,1
终身美丽,郑秀文,1
经济舱,KEY.L刘聪 / Kafe.Hu,1
结婚（Demo）,风子,1
结婚（翻自 李志）,点唱机先生,1
结尾曲-友谊地久天长(Live),宋祖英 / 郎朗 / 多明戈 / 周杰伦,1
给女孩 (单曲),李宇春,1
给妈妈,房东的猫,1
给我一个吻,甜約翰 Sweet John,1
给我一颗万能的药,岛屿心情,1
给我感觉(live版),张惠妹,1
给未来的自己,梁静茹,1
给朱利安,艾怡良,1
绝不能失去你,F4,1
绿,周迅,1
绿野仙踪,麦田守望者,1
缘分一道桥,王力宏 / 谭维维,1
罐头,智齿,1
署前街少年,赵雷,1
美,王力宏,1
美丽山 (Remix by Gavintoo),彭坦 / 白天不亮,1
美丽心情,本多RuRu,1
美丽的旋涡,彭坦,1
美丽的期待,窦唯,1
"美丽的草原,我的家",德德玛,1
美丽笨女人,李玟,1
美了美了,小沈阳 / 汤潮,1
美好时光,戴佩妮,1
美好生活比较好,女孩与机器人,1
美好的事可不可以发生在我身上,康士坦的变化球,1
美梦成真,许茹芸,1
羡慕,许嵩,1
翠花,DP龙猪 / 王云宏 / 陷阱表哥,1
老人与海,海鸣威 / 吴琼,1
老张,草东没有派对,1
老张的歌,任贤齐,1
老情歌,苏打绿,1
老是一件令人回味的事,张学友 / 葛民辉,1
老神仙,戴荃,1
老街,李荣浩,1
耳鬼出风,回春丹,1
耿耿于怀,麦浚龙,1
聽媽媽的話 (Piano Ver.),Piano Echoes,1
肥胖治愈中心,达闻西乐队,1
胆小的你,孟慧圆,1
背叛,曹格,1
胖子,自由发挥,1
胖迪投食歌,洛天依,1
胜利,C.S.B.Q,1
胡广生,任素汐,1
胡桃夹子,Pyotr Ilyich Tchaikovsky,1
胭脂酒馆,报警alarm,1
能把你比作夏日吗,时过夏末,1
自己,李玟,1
自己 (live版),许钧,1
自己过,旋转保龄,1
自洽,莫文蔚 / 郭一凡,1
自渡,陈粒,1
自由自在 (Live),凤凰传奇,1
自転车,オレスカバンド,1
至少还有你(Live),张国荣,1
致命情人,方拾贰（方十二）,1
致我的迷茫兄弟,声音碎片乐队,1
致自己,齐一,1
舒伯特小夜曲,离羽墨,1
舞女泪,韩宝仪,1
舞娘,蔡依林,1
航空障碍灯,愚月FoolMoon / 夏之禹,1
艾瑞巴迪 (Live),新裤子 / Cindy（范依娜）,1
花园,功夫胖KungFuPen / AThree / The-Beta,1
花好月圆夜,任贤齐 / 杨千嬅,1
花好月圆夜 (Live),杨千嬅 / 王俊凯,1
花桥,回春丹,1
花降らし,pazi,1
花香,许绍洋,1
芳华绝代,梅艳芳 / 张国荣,1
若你心年轻,寸铁,1
茶底世界 (Live) - (上海2019.12.01),丢火车,1
草帽歌,崔健,1
草裙舞,海龟先生,1
荡漾RIPPLES,ICE / SeanT肖恩恩,1
荧光,张瑶,1
莫扎特：土耳其进行曲,群星,1
莫里森与杂货铺,马赛克,1
菊次郎的春夏秋冬,MappleZS,1
落山,陈越龙,1
落花流水 (2007 Live),陈奕迅,1
葡萄成熟时 (Live),陈奕迅,1
葫芦金刚,王迟,1
蒲公英,叶蓓,1
蒲公英的约定,群星,1
蓝,罗大佑,1
蓝夜,Schoolgirl byebye,1
蓝色,叶蓓,1
蓝色大门（Fly Away Remix）,L1STALLDO(厘思翱渡),1
蓝色理想,老狼,1
蓬蒿人,散人,1
薬師寺寛邦-般若心経 (cho ver.) [boboo remix]（BOBOO remix）,boboo,1
藍色大門,Motive蓝吉,1
藏,陈翔,1
藏书人,熊天平,1
虎視眈々[リアレンジ](カバー)(虎视眈眈［rearrange］),野島健児,1
虫儿飞(儿童合唱版),屯门儿童合唱团,1
虹,菅田将暉,1
虹之间,金贵晟,1
蜂蜜人蔘,鱼丁糸,1
蜂鸟,吴青峰,1
蜜蜂 demo,万玲琳,1
蝴蝶泉边,黄雅莉,1
蝼蚁,岛屿心情,1
街灯晚餐,卫兰,1
街角的祝福,戴佩妮,1
被丢失的他,退格Backspace,1
被动,康姆士COM'Z,1
被动(Live),伍佰 & China Blue,1
被窝,胡琳,1
裂缝中的阳光,林俊杰,1
西安,市井中乐队,1
西界,林俊杰,1
西窗的雨,好妹妹,1
解决,海底时光机,1
解脱(live版),张惠妹,1
誓言,王菲,1
认真地老去,张希 / 曹方,1
认真的雪,薛之谦,1
认错,许嵩,1
讨厌红楼梦 (Live),陶喆,1
让夜轻轻落下,文慧如,1
让小秘密混到2000年,反光镜,1
让我住进你心里,温蒂漫步,1
让我偷偷看你,赵雷,1
让我送你花一朵,万芳,1
记事本,陈慧琳,1
记得,张惠妹,1
记念,蔡健雅,1
话题,莫文蔚,1
说爱你,蔡依林,1
请你不要哭泣,熊猫眼乐队,1
请把我当成一首歌,棱镜,1
请问哪里才能买到晶体管收音机,声音玩具,1
诺言,毛阿敏,1
谁为我停留,田震,1
谁在半夜唱山歌,施鑫文月,1
谁来剪月光,陈奕迅,1
谢帝&蔡健雅 - 明天不上班（Live）,JollyLu,1
豆浆油条,林俊杰,1
豆豆龙,范晓萱,1
象牙舟,傻子与白痴,1
贝乐虎-太阳当空照（DJ余小磊版）（余小磊 remix）,余小磊,1
贝多芬第五交响曲《命运交响曲》- I. Allegro con brio,天之籁音乐,1
贝贝,白金,1
贫嘴高中生的幸福生活,黑撒,1
贰拾,荷尔蒙少年 Hormone Boys,1
赤峰下雨了,噪音回收站,1
赤裸裸,郑钧,1
赤鲸,苏运莹,1
走了就別回來,李永驻,1
走向复兴,群星,1
走吧,黑屋乐队,1
走在什刹海的冰面上(live),新裤子,1
走过咖啡屋,千百惠,1
走马,陈粒,1
走鬼,五条人,1
赵英俊-送你一朵小红花（郑天宇 remix）,郑天宇,1
起床号,群星,1
起床气（Remember Me）,橘子海 (Orange Ocean),1
起舞吧,张希,1
起航,浪,1
越过群山,莫西子诗,1
趋向无穷的你,壹环的复兴,1
足够,周星星,1
路坏行,生祥乐队,1
路过人间,郁可唯,1
路过人间 (Live),郁可唯,1
踊ろよ、フィッシュ,山下達郎,1
踏春,姚晔,1
踏架脚车牵条猪(骑辆单车牵头猪),五条人,1
踩三轮车卖菜的老伯(Live),阿牛 / 任贤齐,1
踽踽独行,大波浪,1
躺在我怀中,迷幻世界乐队 / 房东的猫,1
转圈圈,狗毛,1
转弯,羽·泉,1
转身之间,上上 / 石林,1
轻轻地告诉你,杨钰莹,1
边KA边想,青年小伙子,1
边ka边想,青年小伙子,1
过云雨,张敬轩,1
过年喽,天堂乐队 / 栾树 / 宁浩 / 爽子 / 叶世荣 / 二手玫瑰 / 秦勇 / 轮回乐队 / 唐朝乐队 / 黑豹乐队 / 面孔乐队 / 扭曲机器 / 脑浊乐队 / 夏,1
运动员进行曲,中国人民解放军军乐团,1
运气来得若有似无,告五人,1
还,孟慧圆,1
还想听你的故事 (Live),谢春花,1
这一生关于你的风景,隔壁老樊,1
这不是雨能解决的问题,疯医,1
这世界喧闹，你我相遇正好,理想后花园,1
"这个世界 (Refine, the Concert Live)",安溥 anpu,1
这个夏天,安来宁,1
这个季节去南方旅行,翟小树,1
这个年纪,齐一,1
这只是一段漫长的旅途,P.K.14,1
这很平常,崔开潮,1
这璀璨又迷人的星空却让人看不透，就像是Ta,沉默演讲（Silent Speech）,1
这酒馆以后就我一个人来了,棱镜,1
这里,岛屿心情,1
远在咫尺,陈奕迅,1
连名带姓,张惠妹,1
迪迦奥特曼-奇迹再现（J.C.Zhou remix）,J.C.Zhou,1
述懐,S.E.N.S.,1
迷失广州(配乐版）,唯利玉碎计划,1
迷失的拉格,Me and My Sandcastle,1
迷幻,蔡依林,1
迷恋,梅卡德尔,1
追光者,岑宁儿,1
追忆+单车+空凳,林子祥,1
送别 (Live版),朴树,1
送春归（She has Gone）,送春归,1
逃亡 (Live),吴青峰,1
逃跑,海底时光机,1
逆光,孙燕姿,1
逆旅,黑屋乐队,1
逆転ロックンロール!!,草尾毅,1
选择,叶蒨文 / 林子祥,1
這款自作多情,茄子蛋,1
逝,雷光夏,1
逝去日子,Beyond,1
逝去的歌 (Live),牛奶咖啡 / 音乐好朋友,1
逼围子又,宋冬野,1
遇,ai.mini,1
遇到,方雅贤,1
遇见我,曹方,1
道别是一件难事,上海彩虹室内合唱团,1
遥望1999,小柯,1
遥远的Paradise (Live),Beyond,1
遥远的欺骗,胡畔,1
遥远的歌,刘惜君,1
那一夜,谢军,1
那一年,许巍,1
那个女孩,陶喆 / 卢广仲,1
那么骄傲,金海心,1
那些女孩教我的事 (Live),品冠 / 钟明秋,1
那些女孩教我的事 + 爱情转移 (Live),品冠,1
那些花儿,朴树,1
那年的情书,江美琪,1
邮差,王菲,1
郑钱花,川子,1
都市碎戏,黑撒,1
都是夜归人,许美静,1
配不上你,Fine乐团,1
酒歌,杭盖乐队,1
酒歌 Ayrhindu,杭盖乐队,1
酒醉的蝴蝶,崔伟立,1
酸,黎明,1
醉忘川,惘闻,1
醉清风 (2005版),弦子,1
醉鬼的敬酒曲,上海彩虹室内合唱团,1
醒了,韩红,1
采花,二手玫瑰,1
重来(Live),无印良品,1
重返十七岁(新版),鹿晗 / 大张伟 / 薛之谦 / 魏晨 / 潘玮柏 / 刘敏涛 / 陈嘉桦 / Flyn张慧雯 / 张丹峰,1
野子 (Live),苏运莹,1
野孩子,野孩子,1
野孩子 (Live),杨千嬅,1
野歌,痛仰乐队,1
野马,当代电影大师,1
量贩人生路,旅行团乐队,1
金刚不坏大宝剑 (live版),蒋先贵（Giogio）,1
金刚经,王菲,1
金箍棒,龚琳娜,1
金色年华，无限伤感,刺猬,1
钱是万能的,刺猬,1
铁窗泪,迟志强,1
铃儿响叮当,圣诞歌曲,1
铃儿响叮当(英),黑鸭子,1
银河公园,THE BOOTLEGS 靴腿,1
银河冬令恋曲,昏鸦,1
银河系梦游指南,Quark,1
银河系梦游指南整个事件,Quark,1
银河迪厅,房东的猫,1
铿锵玫瑰,林忆莲,1
错误,罗大佑,1
错错错,六哲 / 陈娟儿,1
锡林河,王喂马乐队 / 大象,1
镇海,法老 / EINK / 幼稚园杀手,1
长大 (Live),反光镜乐队,1
长大后我就成了你,宋祖英,1
长安南路,会说唱的语文老师,1
长安长安,郑钧,1
门没锁,品冠儿子Jayden,1
问尘以上,唐映枫,1
问情,蔡幸娟,1
问题出现我再告诉大家,五条人,1
闷,王菲,1
闷声发大财,胭脂,1
防空洞,戴佩妮,1
阳光普照,Aliosha,1
阴天快乐,陈奕迅,1
阿拉伯跳舞女郎,Beyond,1
阿牛,陈奕迅,1
阿童木之歌,中央人民广播电台少年广播合唱团,1
阿飞的小蝴蝶,萧敬腾,1
陀螺,万晓利,1
陀飞轮,陈奕迅,1
陆垚知马俐 (Live at Blue Note Beijing 2017),火星电台,1
陈逸伦的解放西,柳爽,1
陌生城市的早晨,声音碎片乐队,1
降温,许嵩,1
陕北说书（爱青山爱绿水爱蓝蓝的天）,贰强,1
陪着你走,Gibb-Z / ICE,1
随心所欲,周云蓬,1
隔代,许嵩,1
难得,黄丽玲,1
雄狮少年,闫永强,1
雨,泥鳅Zinco,1
雨夜曼彻斯特,盘尼西林,1
雨天广场   【2007】,羊秘密,1
雨天没有你,王菲,1
雨幕,许嵩,1
雨水一盒,陈绮贞,1
雨没停过,蛋堡,1
雨爱,杨丞琳,1
雨过天晴,虞书欣,1
雨过天晴(晴天版)(Live),品冠,1
雪の華 (Live),中島美嘉,1
雪中莲,王菲,1
雪句,郑物尘,1
雪花落下,周深,1
雪落下的声音,陆虎,1
雷克雅未克,麦浚龙 / 周国贤,1
雾里看花,那英,1
露营野餐烧烤,店铺背景音乐,1
青少年哪吒 (Neon God),八仙饭店 (8 Immortals Restaurant),1
青年之歌,C.S.B.Q（长沙暴青）,1
青春之火,潘松和,1
青春住了谁,杨丞琳,1
青春啊青春,二手玫瑰,1
青春大概,上上,1
青春无悔,叶蓓 / 老狼,1
青苔,叶青赛蓝,1
青茫,白敬亭 / 李宏毅 / 丁冠森 / 赵文龙,1
静夜的单簧管,王菲,1
靛蓝,荷尔蒙少年 Hormone Boys,1
非洲梦,何勇,1
靠近,庾澄庆,1
面对面的婚礼和并排的墓碑,王以太,1
音浪,黄立行,1
顽家,Jony J,1
领悟,辛晓琪,1
風になれ,大黒摩季,1
风の歌,広橋真紀子,1
风一样的男子,陈晓东,1
风从哪里来,王菲,1
风从海面吹过来,好妹妹,1
风再起时,张国荣,1
风吹过,鹿晗,1
风吹过下雨天,曹方,1
风吹麦浪 (Live),李健 / 孙俪,1
风平浪静,陈永淘,1
风度,汪苏泷,1
风往北吹,孙楠,1
风是从哪儿来,Bell玲惠,1
风的季节,Soler,1
风筝,孙燕姿,1
"风继续吹 (电影""纵横四海""主题曲)",张国荣,1
风起云涌,与非门乐队,1
风雨中的美丽,韩红,1
飞升,聲無哀樂,1
飞咯,窦靖童,1
飞奔向你,于贞,1
飞机上的月亮 - demo,明天的盐,1
飞行员之歌,GALA,1
香奈儿 (live),王菲,1
香蕉之歌,小黄人,1
马,福禄寿FloruitShow,1
马丁的早晨主题曲,群星,1
马戏团里的疯女人,雷梅苔丝,1
马马嘟嘟骑,斯斯与帆,1
骑士精神,蔡依林 / 周杰伦,1
高级动物,窦唯,1
魔幻蓝天,高旗&超载乐队,1
鱼仔,卢广仲,1
鱼罐头,自然卷,1
鲁冰花,庾澄庆,1
鲜花只为自己开,野孩子,1
鲸人湾,萧玮,1
鸿雁,额尔古纳乐队,1
鸿鹄志,耳光乐队,1
麦地,守麦,1
麦子,汉堡黄,1
麦当劳汉堡（正版授权）,小pa,1
麦田守望者,王一鸣Iris / 大冰小助手,1
麻痹,反光镜,1
黄昏晓,王心凌,1
黄色月亮,伍佰 & China Blue,1
黄金时代 (2007 Live),陈奕迅,1
黄金迷宫 (The Golden Maze),丁世光 / Vicky宣宣,1
黑夜不再来 (Live),陈奕迅,1
黑夜尽头,黄立行,1
黑猫警长主题曲,上海美术电影制片厂,1
黑白,方大同,1
黑神话 悟空 三界四洲,YinTianXiang,1
黒い涙,土屋アンナ,1
默念你,宋念宇,1
鼓楼,赵雷,1
龙王,钢心,1
龙的传人,王力宏,1
龙门客栈,宝石Gem,1
가을 아침,IU,1
가을밤에 든 생각,Jannabi,1
기도(드라마 `가을동화`),V.A.,1
나의 사춘기에게 (Live),WENDY / 李宝蓝,1
너에게 난 나에게 넌,骑自行车的风景,1
말도 없이,朴信惠,1
소녀,李文世,1
술 한잔 해요,Zia,1
스물셋,IU,1
안녕,孝琳,1
여름비 (7月),The Film,1
여전히,李洪基,1
와,李贞贤,1
주저하는 연인들을 위해,Jannabi,1
최고의 행운,CHEN,1
캐롤 메들리 (루돌프 사슴코 + Feliz Navidad + 스키장에서),高耀太,1
（……小王子）（feat. 大桥三重唱）,吴青峰,1
（好声音版）单依纯—《人啊》,狂昼流星 / 单依纯,1
🎇,夏日入侵企画,1
